expiry,S,K,T,r,sigma,market_price,moneyness,bucket,bs_price,crr_price,mc_price,lstm_bs_price,mlp_price,vae_bs_price,bs_ms,crr_ms,mc_ms,lstm_bs_ms,mlp_ms,vae_bs_ms,bs_err,crr_err,mc_err,lstm_bs_err,mlp_err,vae_bs_err
2026-06-30,736.7000122070312,594.0,0.052054794520547946,0.0525,0.6566196447753907,146.745,0.8062983441801153,Deep ITM,147.52305994082462,147.51216862223254,147.4531553113109,144.32112481475235,153.79183243188774,144.38704428843175,0.09537499863654375,19.08045800519176,1.2759160017594695,0.01200000406242907,0.4860912499134429,0.06308298907242715,0.7780599408246189,0.767168622232532,0.7081553113108896,2.4238751852476526,7.0468324318877364,2.357955711568252
2026-06-30,736.7000122070312,641.0,0.052054794520547946,0.0525,0.25489026367187506,94.205,0.8700963613122119,Deep ITM,97.54559224189074,97.54338535368268,97.33792611418585,97.44939560898774,96.98529169664194,97.89375062795182,0.01041698851622641,17.431665997719392,1.18937500519678,0.008457980584353209,0.4860912499134429,0.033249991247430444,3.3405922418907465,3.338385353682682,3.1329261141858495,3.2443956089877446,2.780291696641939,3.688750627951819
2026-06-30,736.7000122070312,656.0,0.052054794520547946,0.0525,0.25318129638671877,79.475,0.8904574306096896,Deep ITM,82.7830672562477,82.7804794630689,82.72658787013799,82.49038869605272,84.97020247587061,83.28539063207143,0.00916598946787417,17.322041996521875,1.1888330045621842,0.007792026735842228,0.4860912499134429,0.028165988624095917,3.3080672562477105,3.305479463068906,3.251587870137996,3.0153886960527245,5.495202475870613,3.8103906320714316
2026-06-30,736.7000122070312,568.0,0.052054794520547946,0.0525,0.7198514343261719,171.865,0.7710058240644874,Deep ITM,172.70954468075695,172.70048046900385,172.74172610365986,170.25016702384198,179.77601783902034,170.2614881160821,0.008499977411702275,17.364792001899332,1.1740000045392662,0.007875001756474376,0.4860912499134429,0.02854099147953093,0.8445446807569397,0.8354804690038407,0.8767261036598484,1.6148329761580271,7.911017839020332,1.6035118839179177
2026-06-30,736.7000122070312,645.0,0.052054794520547946,0.0525,0.25708750732421876,90.24,0.8755259797915393,Deep ITM,93.60262298528176,93.59920529578068,93.75292673689893,93.46031426678826,93.85505996581166,93.97993761028101,0.008125003660097718,17.271125019760802,1.168375019915402,0.007375027053058147,0.4860912499134429,0.02783298259600997,3.36262298528176,3.359205295780683,3.512926736898933,3.2203142667882645,3.6150599658116676,3.739937610281018
2026-06-26,736.7000122070312,645.0,0.0410958904109589,0.0525,0.2602613037109375,90.15,0.8755259797915393,Deep ITM,93.15038380545809,93.1491945478701,93.1785351881303,93.0901217668619,93.16308989495097,93.33742754223704,0.008125003660097718,13.716084009502083,1.1501669941935688,0.007416994776576757,0.4860912499134429,0.02633300027810037,3.0003838054580854,2.99919454787009,3.0285351881302915,2.9401217668618926,3.0130898949509657,3.1874275422370317
2026-06-30,736.7000122070312,592.0,0.052054794520547946,0.0525,0.6317175500488281,147.97500000000002,0.8035835349404515,Deep ITM,148.87479371317852,148.8730935117996,148.76820397397958,146.31566652314382,153.25073967237256,146.37627728298594,0.008916016668081284,17.322457977570593,1.1593330127652735,0.007499998901039362,0.4860912499134429,0.02579099964350462,0.8997937131784965,0.8980935117995728,0.7932039739795584,1.6593334768562045,5.275739672372538,1.598722717014084
2026-06-30,736.7000122070312,660.0,0.052054794520547946,0.0525,0.23926541992187497,75.31,0.895887049089017,Deep ITM,78.77259912611282,78.77056648392481,78.72292293321797,78.50139906739139,81.4894295309647,79.42448205504172,0.008208997314795852,17.326833010884002,1.1659579758998007,0.007374997949227691,0.4860912499134429,0.02541701542213559,3.4625991261128206,3.460566483924808,3.4129229332179705,3.1913990673913872,6.179429530964697,4.114482055041719
2026-06-18,736.7000122070312,662.0,0.019178082191780823,0.0525,0.24024197265624997,72.91499999999999,0.8986018583286807,Deep ITM,75.3698604193828,75.36970388217276,75.3735301798238,75.36621101671017,77.05234384514566,75.40111714753778,0.008041999535635114,7.315458991797641,1.1295839794911444,0.007208989700302482,0.4860912499134429,0.025208020815625787,2.454860419382811,2.4547038821727654,2.4585301798238106,2.4512110167101753,4.137343845145665,2.486117147537783
2026-06-30,736.7000122070312,627.0,0.052054794520547946,0.0525,0.505742247314453,113.16999999999999,0.8510926966345661,Deep ITM,114.14930993557732,114.13868776122008,114.39238932579298,111.41118663672898,121.18537309605512,111.66678903251875,0.007915979949757457,17.372500005876645,1.1942500132136047,0.007374997949227691,0.4860912499134429,0.0262079993262887,0.9793099355773336,0.9686877612200959,1.2223893257929888,1.7588133632710026,8.015373096055129,1.5032109674812375
2026-06-30,736.7000122070312,569.0,0.052054794520547946,0.0525,0.7174100524902343,170.89499999999998,0.7723632286843192,Deep ITM,171.73696681063905,171.72509467107494,171.80836109110794,169.2528961696462,178.84699298994732,169.2651430924127,0.008708011591807008,17.29154199711047,1.200250000692904,0.007416994776576757,0.4860912499134429,0.02549999044276774,0.8419668106390645,0.8300946710749599,0.9133610911079586,1.6421038303537898,7.9519929899473425,1.629856907587282
2026-06-30,736.7000122070312,537.0,0.052054794520547946,0.0525,0.8388687988281249,202.78,0.7289262808497001,Deep ITM,203.54308608255002,203.54137186953437,203.5327425144269,201.16556350391045,209.41606412940774,201.16630961371766,0.01016599708236754,17.311667004832998,1.1490000179037452,0.007624999852851033,0.4860912499134429,0.02641597529873252,0.7630860825500179,0.7613718695343721,0.7527425144268989,1.614436496089553,6.6360641294077425,1.613690386282343
2026-06-30,736.7000122070312,607.0,0.052054794520547946,0.0525,0.5775799078369142,133.055,0.8239446042379293,Deep ITM,133.9892642845242,133.9917541550191,134.02309643331222,131.3566037102123,139.3684954218834,131.46985075812233,0.008125003660097718,17.3115830111783,1.1659580050036311,0.008041999535635114,0.4860912499134429,0.02516701351851225,0.934264284524204,0.9367541550190879,0.968096433312212,1.698396289787695,6.3134954218834025,1.585149241877673
2026-06-26,736.7000122070312,660.0,0.0410958904109589,0.0525,0.25952888916015626,75.39,0.895887049089017,Deep ITM,78.34009845652326,78.33833262645146,78.35714776045893,78.12246441472018,81.20887150190944,78.62094136482153,0.00795899541117251,13.70137499179691,1.13441699068062,0.007458991603925824,0.4860912499134429,0.02500001573935151,2.950098456523264,2.94833262645146,2.9671477604589285,2.7324644147201838,5.818871501909442,3.2309413648215326
2026-06-30,736.7000122070312,629.0,0.052054794520547946,0.0525,0.5378464184570313,112.32,0.8538075058742298,Deep ITM,113.1277868480953,113.11358469876409,113.17356768298002,109.41664493860435,121.17744808524264,109.69339442527234,0.00829098280519247,17.365500010782853,1.1628750071395189,0.007166992872953415,0.4860912499134429,0.025542016373947263,0.8077868480953043,0.7935846987640929,0.853567682980028,2.9033550613956436,8.857448085242652,2.626605574727648
2026-06-26,736.7000122070312,630.0,0.0410958904109589,0.0525,0.3618227880859375,105.45,0.8551649104940616,Deep ITM,108.328882013824,108.3242799531132,108.61565310723222,108.05779352617674,108.80745467901752,108.17780819377151,0.007875001756474376,13.698916998691857,1.132874982431531,0.007291993824765086,0.4860912499134429,0.02549999044276774,2.878882013823997,2.874279953113202,3.1656531072322167,2.607793526176735,3.357454679017522,2.7278081937715086
2026-06-30,736.7000122070312,633.0,0.052054794520547946,0.0525,0.242195078125,102.045,0.8592371243535571,Deep ITM,105.4567132084469,105.45614069423051,105.40115224296171,105.4275615792078,104.18828343891946,105.75184227650038,0.007541995728388429,17.41395899443887,1.1847910063806921,0.007208989700302482,0.4860912499134429,0.02500001573935151,3.4117132084468977,3.411140694230511,3.3561522429617128,3.3825615792078025,2.143283438919454,3.7068422765003817
2026-06-30,736.7000122070312,604.0,0.052054794520547946,0.0525,0.6197547790527345,136.82,0.8198723903784337,Deep ITM,137.61871147188594,137.59991351196476,137.6539451455885,134.34841627279616,143.06204226081027,134.44843902822015,0.007624999852851033,17.86770799662918,1.2467920023482293,0.00895801349543035,0.4860912499134429,0.036874989746138453,0.7987114718859516,0.7799135119647644,0.8339451455885012,2.4715837272038357,6.24204226081028,2.371560971779843
2026-06-30,736.7000122070312,646.0,0.052054794520547946,0.0525,0.25440198730468755,89.275,0.8768833844113711,Deep ITM,92.60492126158181,92.60133716774666,92.648255284236,92.46304439867026,92.95765787708164,93.00333833410036,0.010207993909716606,18.426415976136923,1.196666999021545,0.011208001524209976,0.4860912499134429,0.04450001870281994,3.329921261581802,3.326337167746658,3.373255284235995,3.1880443986702574,3.6826578770816383,3.728338334100357
2026-06-30,736.7000122070312,628.0,0.052054794520547946,0.0525,0.3459538061523437,107.535,0.8524501012543979,Deep ITM,110.80374110958519,110.80147498242226,110.84914190882594,110.41391578682226,111.73115135412604,110.67988694167775,0.011249998351559043,17.568917013704777,1.2054159888066351,0.00837500556372106,0.4860912499134429,0.03220798680558801,3.268741109585193,3.2664749824222667,3.3141419088259454,2.8789157868222617,4.1961513541260445,3.144886941677754
2026-06-30,736.7000122070312,659.0,0.052054794520547946,0.0525,0.24927508544921873,76.55000000000001,0.8945296444691851,Deep ITM,79.82747248227668,79.82437383099351,79.66568729401097,79.49863788788889,82.55570179690082,80.38793412282939,0.009000010322779417,17.49383399146609,1.164042012533173,0.008291011909022927,0.4860912499134429,0.02912498894147575,3.2774724822766643,3.274373830993497,3.1156872940109537,2.9486378878888786,6.005701796900809,3.837934122829381
2026-06-30,736.7000122070312,583.0,0.052054794520547946,0.0525,0.6945220977783204,157.60000000000002,0.791366893361965,Deep ITM,158.3657329819889,158.3698233997858,158.2218384090976,155.2911042109056,165.81408788584056,155.3259480517055,0.00866700429469347,18.151875003241003,1.6662910056766123,0.011458003427833319,0.4860912499134429,0.04387498483993113,0.7657329819888901,0.7698233997857642,0.6218384090975633,2.3088957890944357,8.214087885840542,2.2740519482945274
2026-06-30,736.7000122070312,550.0,0.052054794520547946,0.0525,0.46973186523437505,185.115,0.7465725409075141,Deep ITM,188.26169522203395,188.26024936330967,188.8382591260685,188.20104239936552,187.47959204618118,188.20354329878194,0.011333002476021647,18.111666024196893,1.2067920179106295,0.010333023965358734,0.4860912499134429,0.04562499816529453,3.146695222033941,3.1452493633096594,3.723259126068484,3.0860423993655104,2.3645920461811727,3.0885432987819286
2026-06-30,736.7000122070312,588.0,0.052054794520547946,0.0525,0.6458165301513672,151.945,0.7981539164611242,Deep ITM,152.83776113426552,152.83010987079948,152.24060172644647,150.30474993992686,157.5115289962082,150.35417117782038,0.010041025234386325,17.98712500021793,1.1885839921887964,0.009915995178744197,0.4860912499134429,0.03674998879432678,0.8927611342655268,0.8851098707994822,0.29560172644647764,1.6402500600731287,5.566528996208206,1.590828822179617
2026-06-30,736.7000122070312,625.0,0.052054794520547946,0.0525,0.34180345703125,110.465,0.8483778873949024,Deep ITM,113.70839438433984,113.7038413958407,113.7088571323209,113.40572833987005,114.58751354020379,113.64176200121858,0.009540992323309183,17.58945800247602,1.200291997520253,0.009041017619892955,0.4860912499134429,0.0338749960064888,3.2433943843398367,3.2388413958406943,3.2438571323208976,2.9407283398700486,4.122513540203784,3.1767620012185773
2026-06-30,736.7000122070312,631.0,0.052054794520547946,0.0525,0.5387009020996094,109.19999999999999,0.8565223151138935,Deep ITM,111.3723428372133,111.3572143341859,111.41830807463144,107.42210325000121,119.90874378336709,107.72170137987791,0.008542003342881799,17.465499986428767,1.1243339977227151,0.007707974873483181,0.4860912499134429,0.029166985768824816,2.172342837213307,2.157214334185909,2.2183080746314516,1.7778967499987743,10.708743783367098,1.4782986201220751
2026-06-30,736.7000122070312,605.0,0.052054794520547946,0.0525,0.3806214282226562,130.32999999999998,0.8212297949982655,Deep ITM,133.56331459016212,133.55837817299314,133.5964655902104,133.35114541860116,133.62537779017583,133.45539999247194,0.008458009688183665,17.442124983062968,1.1763749935198575,0.007833004929125309,0.4860912499134429,0.028000009479001164,3.233314590162138,3.2283781729931604,3.26646559021043,3.0211454186011792,3.2953777901758485,3.125399992471955
2026-06-30,736.7000122070312,559.0,0.052054794520547946,0.0525,0.7540307800292969,180.84,0.7587891824860007,Deep ITM,181.6607502309006,181.65955393087972,181.95124038185955,179.22560471160375,188.6041848039208,179.2310491853657,0.009166018571704626,17.48516599764116,1.1337920150253922,0.007541995728388429,0.4860912499134429,0.026250025257468224,0.8207502309005861,0.8195539308797208,1.1112403818595453,1.6143952883962527,7.764184803920784,1.608950814634312
2026-06-18,736.7000122070312,605.0,0.019178082191780823,0.0525,0.5546919531250001,130.25,0.8212297949982655,Deep ITM,132.38949424676161,132.38734388725084,132.34548972246682,132.3088494875144,135.7461612687679,132.30900055576956,0.008000002708286047,7.345624995650724,1.1422499956097454,0.007499998901039362,0.4860912499134429,0.025582994567230344,2.1394942467616147,2.137343887250836,2.095489722466823,2.058849487514408,5.4961612687679064,2.0590005557695576
2026-06-30,736.7000122070312,650.0,0.052054794520547946,0.0525,0.29053443847656246,85.745,0.8823130028906985,Deep ITM,88.94186283681745,88.94059334304356,89.03248621749388,88.47396899419459,91.20180428467864,89.10521226436549,0.007875001756474376,17.426874983357266,1.1403750104364008,0.0074160052463412285,0.4860912499134429,0.025749992346391082,3.196862836817445,3.195593343043555,3.2874862174938784,2.728968994194588,5.45680428467864,3.3602122643654866
2026-06-30,736.7000122070312,622.0,0.052054794520547946,0.0525,0.5631757550048828,119.24000000000001,0.8443056735354069,Deep ITM,120.03476231397428,120.03687584958499,119.8718516834813,116.3975408990392,126.6672042453906,116.60691872517543,0.0077909789979457855,17.54741699551232,1.1539999977685511,0.007499998901039362,0.4860912499134429,0.025249988539144397,0.7947623139742745,0.7968758495849784,0.6318516834812868,2.8424591009608093,7.427204245390584,2.633081274824576
2026-06-30,736.7000122070312,626.0,0.052054794520547946,0.0525,0.5093432855224609,114.16499999999999,0.8497352920147343,Deep ITM,115.14135705871456,115.12813368783448,114.87641062716973,112.4084574878583,122.06802820101264,112.65408557967805,0.008125003660097718,18.57604199904017,1.5772919869050384,0.012042000889778137,0.4860912499134429,0.04837499000132084,0.9763570587145693,0.9631336878344854,0.7114106271697409,1.7565425121416922,7.903028201012646,1.5109144203219387
2026-06-30,736.7000122070312,639.0,0.052054794520547946,0.0525,0.30713583496093744,96.6,0.8673815520725482,Deep ITM,99.78164031146378,99.78010964930613,99.74445339859919,99.44393689155584,100.56697504074953,99.85474365334233,0.009584007784724236,17.62262498959899,1.1757919855881482,0.011333002476021647,0.4860912499134429,0.030625000363215804,3.181640311463781,3.1801096493061323,3.1444533985991967,2.843936891555842,3.9669750407495314,3.254743653342331
2026-06-30,736.7000122070312,624.0,0.052054794520547946,0.0525,0.5560347131347658,117.265,0.8470204827750706,Deep ITM,118.06339420292898,118.06191009941887,118.08960239643267,114.40299919251584,125.00987933351425,114.62980423355327,0.010332994861528277,17.47775002149865,1.1539999977685511,0.007833004929125309,0.4860912499134429,0.02745899837464094,0.798394202928975,0.7969100994188665,0.8246023964326668,2.862000807484165,7.744879333514248,2.635195766446728
2026-06-30,736.7000122070312,647.0,0.052054794520547946,0.0525,0.30249720947265624,88.725,0.878240789031203,Deep ITM,91.96378120962277,91.96186660259927,91.7078847728614,91.46577483576323,94.01707304146373,92.0275361841592,0.00825000461190939,17.48833298915997,1.1542919964995235,0.0075410061981529,0.4860912499134429,0.02545802271924913,3.238781209622772,3.236866602599278,2.9828847728614107,2.740774835763233,5.292073041463738,3.3025361841592087
2026-06-18,736.7000122070312,630.0,0.019178082191780823,0.0525,0.37500625,105.305,0.8551649104940616,Deep ITM,107.34605487821432,107.34563694752984,107.45148827688446,107.3340080528236,106.40774313813307,107.33582967423501,0.007708003977313638,7.329416985157877,1.1942499841097742,0.007583992555737495,0.4860912499134429,0.025625020498409867,2.041054878214311,2.0406369475298334,2.1464882768844546,2.029008052823599,1.1027431381330643,2.030829674235008
2026-06-30,736.7000122070312,598.0,0.052054794520547946,0.0525,0.6102333898925782,142.01,0.8117279626594427,Deep ITM,142.92408321816515,142.927311905967,143.21910114621127,140.3320413979693,147.82279578627436,140.4099694103288,0.00899998121894896,17.39320799242705,1.140250009484589,0.007291993824765086,0.4860912499134429,0.025959016056731343,0.9140832181651604,0.9173119059670114,1.2091011462112817,1.6779586020306851,5.812795786274364,1.600030589671178
2026-06-18,736.7000122070312,645.0,0.019178082191780823,0.0525,0.40820904296875,90.38,0.8755259797915393,Deep ITM,92.46524548516982,92.46419723092069,92.482076276173,92.34910319200912,95.9572744696011,92.35664160228475,0.009749986929818988,7.318709016544744,1.1360410135239363,0.007374997949227691,0.4860912499134429,0.02504198346287012,2.0852454851698212,2.0841972309206938,2.1020762761730083,1.969103192009129,5.577274469601107,1.976641602284758
2026-06-30,736.7000122070312,640.0,0.052054794520547946,0.0525,0.25098405273437496,95.185,0.8687389566923801,Deep ITM,98.52411003685165,98.52316438317837,98.24376776394202,98.44666621963279,97.77454689580074,98.87392710747372,0.008083006832748652,17.421958997147158,1.1424999975133687,0.007291004294529557,0.4860912499134429,0.024916022084653378,3.3391100368516504,3.3381643831783663,3.058767763942015,3.2616662196327866,2.589546895800737,3.6889271074737167
2026-06-30,736.7000122070312,630.0,0.052054794520547946,0.0525,0.23828886718749998,105.09,0.8551649104940616,Deep ITM,108.43753770141711,108.43705682007571,108.48941413372931,108.41937409270997,107.15976905334216,108.70732715596569,0.0077500008046627045,17.39162497688085,1.1758329928852618,0.007333990652114153,0.4860912499134429,0.025542016373947263,3.34753770141711,3.347056820075707,3.3994141337293087,3.329374092709969,2.0697690533421564,3.6173271559656826
2026-06-18,736.7000122070312,689.0,0.019178082191780823,0.0525,0.274421318359375,46.83,0.9352517830641405,ITM,48.79157100860459,48.79145994275843,48.86622850117316,48.39348706484088,54.77535624857875,48.728566220810194,0.008040980901569128,7.351958018261939,1.1450840102043003,0.01200000406242907,0.4860912499134429,0.02487501478753984,1.9615710086045937,1.961459942758431,2.036228501173163,1.563487064840885,7.945356248578754,1.8985662208101957
2026-06-22,736.7000122070312,700.0,0.030136986301369864,0.0525,0.127938408203125,35.705,0.9501832338822908,ITM,37.85382018147209,37.85326348730807,37.793715642592474,37.84295958191126,38.956788766732785,39.71458141558662,0.007833004929125309,10.978874983265996,1.1117499961983413,0.007708003977313638,0.4860912499134429,0.026666995836421847,2.1488201814720895,2.1482634873080713,2.0887156425924758,2.137959581911261,3.251788766732787,4.009581415586624
2026-06-22,736.7000122070312,710.0,0.030136986301369864,0.0525,0.15808947387695313,27.535,0.9637572800806091,ITM,28.545247389444626,28.546897458472436,28.479359868165808,28.050684893386688,32.94599124854023,31.109317523913887,0.0077500008046627045,11.005584005033597,1.124292000895366,0.007541995728388429,0.4860912499134429,0.029708986403420568,1.0102473894446256,1.0118974584724363,0.9443598681658081,0.5156848933866875,5.410991248540231,3.574317523913887
2026-06-30,736.7000122070312,685.0,0.052054794520547946,0.0525,0.1562584375,50.925,0.929822164584813,ITM,53.72526914051866,53.72478670127758,53.6480905231396,53.592968587909354,56.06462482939765,55.88702175010144,0.009458017302677035,17.435417015803978,1.1820420040749013,0.012375006917864084,0.4860912499134429,0.028250011382624507,2.8002691405186653,2.799786701277583,2.7230905231396036,2.667968587909357,5.139624829397654,4.962021750101442
2026-06-18,736.7000122070312,669.0,0.019178082191780823,0.0525,0.242195078125,66.015,0.9081036906675035,ITM,68.38581891471108,68.38547166720403,68.38407892204545,68.37325542855876,71.39411094804468,68.4370441210566,0.009042007150128484,7.94220800162293,1.25666699022986,0.010832998668774962,0.4860912499134429,0.04212500061839819,2.37081891471108,2.370471667204029,2.3690789220454462,2.3582554285587634,5.3791109480446835,2.422044121056601
2026-06-18,736.7000122070312,715.0,0.019178082191780823,0.0525,0.17774259765625,22.93,0.9705443031797684,ITM,23.312327839683007,23.314342008033908,23.346732047178598,22.5971630311152,30.013828582271234,24.933653485159425,0.010374991688877344,7.431665988406166,1.2145839864388108,0.008000002708286047,0.4860912499134429,0.032750016544014215,0.38232783968300765,0.38434200803390794,0.41673204717859846,0.3328369688847985,7.083828582271234,2.0036534851594254
2026-06-26,736.7000122070312,708.0,0.0410958904109589,0.0525,0.17621673400878907,29.785,0.9610424708409455,ITM,31.754245350896326,31.75164829385623,31.661624900138964,30.58487586885724,36.55656434837554,34.55032676139058,0.00941698090173304,14.445167005760595,1.250875007826835,0.012749980669468641,0.4860912499134429,0.04891699063591659,1.9692453508963261,1.966648293856231,1.8766249001389639,0.7998758688572387,6.771564348375538,4.765326761390579
2026-06-30,736.7000122070312,704.0,0.052054794520547946,0.0525,0.16858741577148442,34.3,0.9556128523616181,ITM,36.01633144809409,36.01863843872879,35.903629379303524,34.991468912754044,40.25070837340085,39.45401274082133,0.009832991054281592,18.411500001093373,1.737041980959475,0.016417005099356174,0.4860912499134429,0.06154199945740402,1.7163314480940954,1.7186384387287958,1.603629379303527,0.691468912754047,5.95070837340085,5.154012740821329
2026-06-18,736.7000122070312,706.0,0.019178082191780823,0.0525,0.1959308923339844,31.2,0.9583276616012818,ITM,31.858806463695032,31.85570417332956,31.885225736582818,31.43249984835313,36.53245208143547,32.733647340148764,0.014332996215671301,7.9975000116974115,1.2218749907333404,0.008374976459890604,0.4860912499134429,0.032333016861230135,0.6588064636950328,0.6557041733295605,0.6852257365828187,0.23249984835313242,5.3324520814354734,1.5336473401487645
2026-06-26,736.7000122070312,701.0,0.0410958904109589,0.0525,0.21341728973388674,36.395,0.9515406385021226,ITM,38.96009450095846,38.955534185257875,38.97258113445645,37.34011544592386,44.13903272762865,40.39037781065872,0.009166018571704626,14.330334000987932,1.275874994462356,0.010624993592500687,0.4860912499134429,0.0398330157622695,2.565094500958459,2.560534185257872,2.5775811344564445,0.9451154459238538,7.74403272762865,3.9953778106587166
2026-06-26,736.7000122070312,695.0,0.0410958904109589,0.0525,0.17041845214843754,41.31,0.9433962107831315,ITM,43.598138504833514,43.594667551977146,43.716146269262005,43.24605663598902,46.54790931869473,45.61468240116835,0.009415991371497512,14.23204198363237,1.206334010930732,0.009791983757168055,0.4860912499134429,0.037874997360631824,2.288138504833512,2.2846675519771438,2.4061462692620026,1.9360566359890186,5.237909318694726,4.30468240116835
2026-06-30,736.7000122070312,716.0,0.052054794520547946,0.0525,0.1575401629638672,24.07,0.9719017077996002,ITM,25.424298693104788,25.430997233318237,25.29953530471196,24.049395016079643,31.847762500617826,30.116854981366544,0.008957984391599894,18.100665998645127,1.2145419896114618,0.010208983439952135,0.4860912499134429,0.039417005609720945,1.3542986931047878,1.360997233318237,1.229535304711959,0.020604983920357256,7.7777625006178255,6.046854981366543
2026-06-18,736.7000122070312,677.0,0.019178082191780823,0.0525,0.2946847875976562,58.644999999999996,0.9189629276261583,ITM,60.569926803785506,60.5691065445055,60.552452827886576,60.38130686556747,65.58282979248732,60.506420862975574,0.009041978046298027,7.5985839939676225,1.457582984585315,0.026374997105449438,0.4860912499134429,0.050291011575609446,1.9249268037855103,1.9241065445055057,1.9074528278865799,1.736306865567471,6.937829792487321,1.861420862975578
2026-06-30,736.7000122070312,687.0,0.052054794520547946,0.0525,0.16248396118164063,49.065,0.9325369738244768,ITM,51.82510399595719,51.82431072791558,51.8243567354722,51.60765559791275,54.65531832992943,54.06639931499876,0.01025001984089613,19.094084011157975,1.2077080027665943,0.00999998883344233,0.4860912499134429,0.038124999264255166,2.760103995957195,2.759310727915583,2.7593567354722026,2.5426555979127556,5.590318329929431,5.001399314998764
2026-06-30,736.7000122070312,706.0,0.052054794520547946,0.0525,0.1688925885009766,32.585,0.9583276616012818,ITM,34.26323559085051,34.26261414108141,34.22834991106816,33.09828154752154,38.767909342368945,37.83327871956976,0.00866700429469347,18.253416987136006,1.2441250146366656,0.010291027138009667,0.4860912499134429,0.03999998443759978,1.6782355908505124,1.6776141410814063,1.6433499110681566,0.5132815475215367,6.182909342368944,5.248278719569761
2026-06-18,736.7000122070312,679.0,0.019178082191780823,0.0525,0.2873606420898437,56.46,0.921677736865822,ITM,58.578322211613,58.577708546491095,58.587521733463454,58.38332059900404,63.471053285403755,58.53096580059287,0.009875016985461116,7.619624986546114,1.2823750148527324,0.012167001841589808,0.4860912499134429,0.04600000102072954,2.1183222116129983,2.1177085464910945,2.1275217334634533,1.923320599004036,7.011053285403754,2.070965800592866
2026-06-30,736.7000122070312,667.0,0.052054794520547946,0.0525,0.2652661364746094,69.125,0.9053888814278399,ITM,72.31902898242004,72.31942002230488,72.2623711670935,71.52109170449762,76.93932813244231,72.71804890808005,0.011374999303370714,20.147458999417722,1.3256249949336052,0.011666998034343123,0.4860912499134429,0.04583399277180433,3.1940289824200363,3.1944200223048824,3.137371167093505,2.3960917044976213,7.814328132442313,3.59304890808005
2026-06-26,736.7000122070312,702.0,0.0410958904109589,0.0525,0.19739572143554687,35.565,0.9528980431219544,ITM,37.63801483543796,37.64162795493022,37.80776298618885,36.36384546906697,42.224942383431475,39.53810590204796,0.01066701952368021,14.683792018331587,1.249041990377009,0.010792020475491881,0.4860912499134429,0.040000013541430235,2.0730148354379594,2.076627954930224,2.2427629861888505,0.7988454690669755,6.659942383431478,3.973105902047962
2026-06-30,736.7000122070312,712.0,0.052054794520547946,0.0525,0.1757894921875,27.990000000000002,0.9664720893202728,ITM,29.458995274594486,29.4484473073942,29.577933297143755,27.569504744706478,35.400380446027555,33.121437305861946,0.009792012860998511,18.456416990375146,1.225999993039295,0.009916984708979726,0.4860912499134429,0.04170800093561411,1.4689952745944836,1.4584473073941986,1.5879332971437528,0.42049525529352394,7.410380446027553,5.131437305861944
2026-06-18,736.7000122070312,664.0,0.019178082191780823,0.0525,0.28174546386718746,71.125,0.9013166675683444,ITM,73.39821549753128,73.39745746343367,73.42299074690976,73.36822370255766,76.00775997316174,73.40974123466265,0.010624993592500687,8.406249980907887,1.203874999191612,0.01066701952368021,0.4860912499134429,0.03858297714032233,2.2732154975312824,2.2724574634336676,2.297990746909761,2.243223702557657,4.88275997316174,2.284741234662647
2026-06-18,736.7000122070312,697.0,0.019178082191780823,0.0525,0.26355716918945316,39.8,0.9461110200227952,ITM,41.091712846192536,41.09123585098019,40.93561773863939,40.403083670559454,47.89396327175811,41.05748165428929,0.00899998121894896,7.3839169926941395,1.1603750172071159,0.00795800588093698,0.4860912499134429,0.029417016776278615,1.2917128461925387,1.2912358509801933,1.1356177386393895,0.6030836705594567,8.093963271758113,1.2574816542892933
2026-06-22,736.7000122070312,685.0,0.030136986301369864,0.0525,0.2425612854003906,50.735,0.929822164584813,ITM,53.248026301345476,53.24596967647128,53.22034144529649,52.78402344473864,57.7783592375624,53.578187856545696,0.008083006832748652,11.606915999436751,1.1940420081373304,0.01016599708236754,0.4860912499134429,0.03862500307150185,2.5130263013454766,2.5109696764712837,2.4853414452964913,2.049023444738637,7.043359237562399,2.843187856545697
2026-06-26,736.7000122070312,712.0,0.0410958904109589,0.0525,0.1798788067626953,27.345,0.9664720893202728,ITM,28.45586049297026,28.461169419113325,28.326405861245536,26.840479606907138,34.37863367302052,31.35781723764501,0.008917006198316813,14.808042004005983,1.187499990919605,0.009708019206300378,0.4860912499134429,0.03908298094756901,1.1108604929702608,1.1161694191133265,0.9814058612455376,0.5045203930928608,7.033633673020525,4.0128172376450095
2026-06-30,736.7000122070312,695.0,0.052054794520547946,0.0525,0.18689777954101564,42.144999999999996,0.9433962107831315,ITM,44.640784684725986,44.642197274157304,44.573948056215805,43.70830628954036,48.77903522398468,47.01868602762522,0.00925001222640276,18.007375008892268,1.2370420154184103,0.010208983439952135,0.4860912499134429,0.038708007195964456,2.49578468472599,2.4971972741573083,2.428948056215809,1.563306289540364,6.634035223984682,4.873686027625226
2026-06-18,736.7000122070312,695.0,0.019178082191780823,0.0525,0.26392337646484376,41.04,0.9433962107831315,ITM,42.976350302466585,42.97533782348324,43.09049343798299,42.400283777596655,49.40791082711366,42.9563814606048,0.008584000170230865,8.062582986894995,1.2072499957866967,0.010625022696331143,0.4860912499134429,0.03875000402331352,1.936350302466586,1.9353378234832377,2.0504934379829933,1.3602837775966563,8.367910827113661,1.9163814606048035
2026-06-18,736.7000122070312,717.0,0.019178082191780823,0.0525,0.21326470336914063,21.78,0.9732591124194321,ITM,22.378887325720484,22.383907034376808,22.269866960141794,20.686637403686518,31.144470483902257,23.297061479840863,0.010000017937272787,7.375834014965221,1.1670830135699362,0.008083006832748652,0.4860912499134429,0.029250018997117877,0.598887325720483,0.6039070343768067,0.4898669601417929,1.093362596313483,9.364470483902256,1.5170614798408621
2026-06-30,736.7000122070312,702.0,0.052054794520547946,0.0525,0.17420259399414065,35.46,0.9528980431219544,ITM,37.96381609212381,37.96709046404808,37.9826928121634,36.9039175129509,42.11832007484103,41.097940665679516,0.009125011274591088,17.725333018461242,1.3063339865766466,0.010916992323473096,0.4860912499134429,0.0468340003862977,2.503816092123806,2.5070904640480762,2.522692812163399,1.4439175129508968,6.658320074841029,5.6379406656795155
2026-06-30,736.7000122070312,690.0,0.052054794520547946,0.0525,0.18640950317382812,46.7,0.9366091876839723,ITM,49.28006898473177,49.27635532966953,49.18541025365932,48.63590735843127,53.30650326937553,51.38868028316699,0.009917013812810183,18.24054098688066,1.5437080000992864,0.010249990737065673,0.4860912499134429,0.04037501639686525,2.580068984731767,2.576355329669525,2.4854102536593174,1.9359073584312654,6.60650326937553,4.688680283166988
2026-06-18,736.7000122070312,711.0,0.019178082191780823,0.0525,0.1959308923339844,26.740000000000002,0.965114684700441,ITM,27.225582392025785,27.22529223445688,27.275399700158246,26.490016689374443,33.474841693037014,28.319885269094698,0.00941698090173304,7.417999993776903,1.1617919954005629,0.008208007784560323,0.4860912499134429,0.028582988306879997,0.48558239202578335,0.4852922344568782,0.5353997001582442,0.24998331062555934,6.734841693037012,1.5798852690946958
2026-06-30,736.7000122070312,697.0,0.052054794520547946,0.0525,0.17902432312011718,40.22,0.9461110200227952,ITM,42.62040579100244,42.6225251362459,42.52023352979234,41.75018835172568,46.58248990665481,45.30208271705408,0.008709001122042537,18.027499987510964,1.1740000045392662,0.010415998985990882,0.4860912499134429,0.04341700696386397,2.4004057910024414,2.402525136245899,2.3002335297923437,1.530188351725684,6.362489906654808,5.082082717054078
2026-06-18,736.7000122070312,680.0,0.019178082191780823,0.0525,0.28174546386718746,55.515,0.9230351414856538,ITM,57.57376337927906,57.573172194274186,57.57314996394275,57.38432791896878,62.33176974964211,57.54464492512852,0.009916984708979726,7.927290978841484,1.1645829945337027,0.009832991054281592,0.4860912499134429,0.036833022022619843,2.058763379279057,2.058172194274185,2.0581499639427463,1.8693279189687786,6.816769749642113,2.0296449251285225
2026-06-18,736.7000122070312,684.0,0.019178082191780823,0.0525,0.19190261230468753,51.114999999999995,0.9284647599649812,ITM,53.40128136205419,53.40095625981072,53.35620816702719,53.38836543091577,54.9991148539519,53.61051732969531,0.009334005881100893,7.4545000097714365,1.174500008346513,0.009125011274591088,0.4860912499134429,0.03295802162028849,2.286281362054197,2.2859562598107246,2.241208167027196,2.2733654309157743,3.884114853951907,2.4955173296953177
2026-06-26,736.7000122070312,718.0,0.0410958904109589,0.0525,0.17011327941894533,22.27,0.9746165170392639,ITM,23.21595408482915,23.219551755962,23.22856841836305,21.47791249682757,30.26104957559495,26.796741345263285,0.008542003342881799,14.309417019831017,1.1967499740421772,0.009542010957375169,0.4860912499134429,0.036375015042722225,0.9459540848291503,0.9495517559620019,0.9585684183630505,0.7920875031724286,7.99104957559495,4.526741345263286
2026-06-18,736.7000122070312,693.0,0.019178082191780823,0.0525,0.26306889282226564,42.89,0.9406814015434678,ITM,44.86605225123151,44.86318311067359,44.88422878916474,44.39784717682244,50.89559975843411,44.86893132721684,0.008917006198316813,7.749790995148942,1.204874977702275,0.00999998883344233,0.4860912499134429,0.03429199568927288,1.9760522512315077,1.9731831106735882,1.9942287891647368,1.5078471768224375,8.005599758434109,1.9789313272168414
2026-06-30,736.7000122070312,713.0,0.052054794520547946,0.0525,0.1716696603393555,27.085,0.9678294939401046,ITM,28.468445069396694,28.463985062925822,28.353001995293713,26.675178255192804,34.53443601324863,32.35954529868479,0.009124982170760632,18.14445899799466,1.207833003718406,0.010208023013547063,0.4860912499134429,0.037707999581471086,1.3834450693966929,1.3789850629258211,1.2680019952937123,0.40982174480719635,7.449436013248629,5.274545298684792
2026-06-30,736.7000122070312,688.0,0.052054794520547946,0.0525,0.161141201171875,48.11,0.9338943784443086,ITM,50.84163516310912,50.83943861765679,50.82745552518331,50.616134977877095,53.68471878982556,53.16554166239632,0.00929099041968584,17.814666993217543,1.218332996359095,0.008917006198316813,0.4860912499134429,0.035708973882719874,2.731635163109118,2.7294386176567897,2.7174555251833112,2.506134977877096,5.57471878982556,5.0555416623963225
2026-06-30,736.7000122070312,675.0,0.052054794520547946,0.0525,0.25714854187011715,61.585,0.9162481183864947,ITM,64.65303996807347,64.65492441456531,64.69305636818565,63.54601956858289,70.20114389489113,65.15113588938459,0.008708011591807008,17.92362501146272,1.2386659800540656,0.009209004929289222,0.4860912499134429,0.035500008380040526,3.068039968073471,3.069924414565314,3.1080563681856503,1.9610195685828913,8.616143894891131,3.56613588938459
2026-06-18,736.7000122070312,705.0,0.019178082191780823,0.0525,0.1538170556640625,31.615000000000002,0.9569702569814499,ITM,32.505468820289025,32.50513483920487,32.48196246417105,32.42641667814371,35.0729327696652,33.63697416470973,0.008708011591807008,7.943082979181781,1.205750013468787,0.009915995178744197,0.4860912499134429,0.036083016311749816,0.8904688202890227,0.8901348392048689,0.8669624641710456,0.8114166781437078,3.4579327696651987,2.021974164709725
2026-06-30,736.7000122070312,668.0,0.052054794520547946,0.0525,0.20117986328124998,67.27,0.9067462860476717,ITM,70.68368202463205,70.6809379395935,70.75725357552888,70.52399873967693,74.26188290146237,71.76596922051772,0.008750008419156075,18.00462501705624,1.215083000715822,0.009791023330762982,0.4860912499134429,0.0363329891115427,3.4136820246320525,3.4109379395935093,3.4872535755288823,3.2539987396769305,6.991882901462375,4.495969220517722
2026-06-26,736.7000122070312,711.0,0.0410958904109589,0.0525,0.17218845397949223,27.855,0.965114684700441,ITM,29.03674895785184,29.0360590453485,29.007585353691084,27.766086104489887,34.45764490670582,32.14519231280383,0.008208997314795852,14.416291000088677,1.215875003254041,0.010499992640689015,0.4860912499134429,0.039207981899380684,1.1817489578518412,1.1810590453485013,1.1525853536910837,0.08891389551011386,6.602644906705823,4.290192312803828
2026-06-26,736.7000122070312,730.0,0.0410958904109589,0.0525,0.16281965118408204,13.809999999999999,0.9909053724772461,ATM,14.34167849201981,14.33388197542911,14.42104647468253,12.209803687300962,24.089219069523676,18.792811539039405,0.009042007150128484,14.30350000737235,1.1824159882962704,0.011125026503577828,0.4860912499134429,0.0389580090995878,0.531678492019811,0.5238819754291111,0.6110464746825315,1.6001963126990368,10.279219069523677,4.982811539039407
2026-06-30,736.7000122070312,726.0,0.052054794520547946,0.0525,0.15854723297119144,17.08,0.9854757539979186,ATM,18.071237267638594,18.070508233920375,18.164842179499345,16.086748215727766,26.85163861302499,23.251365712651022,0.009665993275120854,17.970000015338883,1.1741249763872474,0.009832991054281592,0.4860912499134429,0.037375022657215595,0.9912372676385957,0.9905082339203766,1.084842179499347,0.9932517842722319,9.77163861302499,6.171365712651024
2026-06-18,736.7000122070312,723.0,0.019178082191780823,0.0525,0.1974567559814453,17.145000000000003,0.9814035401384231,ATM,17.16666269015161,17.16573767995382,17.27876471884646,15.20185105091673,27.161711686781636,18.676699127850952,0.01016599708236754,7.808374997694045,1.3486660027410835,0.010707997716963291,0.4860912499134429,0.037792022339999676,0.021662690151607933,0.020737679953818144,0.13376471884645724,1.9431489490832732,10.016711686781633,1.531699127850949
2026-06-26,736.7000122070312,719.0,0.0410958904109589,0.0525,0.17063207305908207,21.585,0.9759739216590958,ATM,22.460828080929332,22.452320406505947,22.38831880491324,20.622377384752326,29.752661537118836,26.065438027603705,0.00899998121894896,13.869040994904935,1.1921670229639858,0.008916016668081284,0.4860912499134429,0.03274998744018376,0.8758280809293311,0.8673204065059466,0.8033188049132391,0.9626226152476747,8.167661537118835,4.480438027603704
2026-06-18,736.7000122070312,745.0,0.019178082191780823,0.0525,0.15277946838378909,3.6550000000000002,1.0112664417747237,ATM,3.186928972102635,3.189892000438424,3.2062472106517386,2.165001330847673,15.865481719168892,6.309049342604908,0.010958989150822163,7.31283298227936,1.1434170010033995,0.00795800588093698,0.4860912499134429,0.026374997105449438,0.46807102789736543,0.46510799956157634,0.4487527893482617,1.4899986691523273,12.210481719168893,2.6540493426049077
2026-06-30,736.7000122070312,754.0,0.052054794520547946,0.0525,0.1328516891479492,3.1950000000000003,1.0234830833532103,ATM,3.358278989127342,3.3643882253127355,3.4076727274479817,2.8865314212996793,14.39978767878354,9.233958223246873,0.009459006832912564,17.914083000505343,1.197624980704859,0.010249990737065673,0.4860912499134429,0.03954200656153262,0.16327898912734184,0.16938822531273523,0.21267272744798138,0.30846857870032096,11.20478767878354,6.038958223246873
2026-06-26,736.7000122070312,743.0,0.0410958904109589,0.0525,0.1451196328735352,6.385,1.00855163253506,ATM,6.525871678746853,6.518532002875531,6.545897662262975,5.295270216455208,17.839610343417444,11.871280380904636,0.008875009370967746,14.313541993033141,1.2246670085005462,0.009542010957375169,0.4860912499134429,0.03724999260157347,0.14087167874685314,0.13353200287553157,0.16089766226297542,1.0897297835447919,11.454610343417444,5.4862803809046365
2026-06-18,736.7000122070312,729.0,0.019178082191780823,0.0525,0.1767355276489258,12.325,0.9895479678574142,ATM,12.145810349436942,12.139538849295768,12.142796881269428,10.32089611833544,23.249680800874774,14.558617143132722,0.008957984391599894,7.680041977437213,1.3548749848268926,0.009874987881630659,0.4860912499134429,0.03979200846515596,0.1791896505630568,0.18546115070423141,0.1822031187305715,2.004103881664559,10.924680800874775,2.2336171431327223
2026-06-30,736.7000122070312,727.0,0.052054794520547946,0.0525,0.1607444766235352,16.615000000000002,0.9868331586177504,ATM,17.53471658709651,17.546239396633872,17.59081300044947,15.37121362185735,26.55219545182088,22.620031567805484,0.009291019523516297,17.948958004126325,1.2053340033162385,0.009540992323309183,0.4860912499134429,0.03716698847711086,0.9197165870965094,0.9312393966338703,0.9758130004494667,1.2437863781426515,9.937195451820877,6.0050315678054815
2026-06-26,736.7000122070312,747.0,0.0410958904109589,0.0525,0.14069462829589846,4.715,1.0139812510143873,ATM,4.789470710295774,4.797793644266116,4.807517066516443,3.8782501603151047,16.39406342992137,10.120371285930275,0.009208015399053693,14.379999978700653,1.1891660105902702,0.010542018571868539,0.4860912499134429,0.035582983400672674,0.07447071029577401,0.08279364426611657,0.09251706651644298,0.8367498396848951,11.67906342992137,5.405371285930276
2026-06-18,736.7000122070312,737.0,0.019178082191780823,0.0525,0.1637351693725586,7.345,1.000407204816069,ATM,6.885211941977786,6.884233120032976,6.84402298694542,5.267547968415329,19.00128308858213,9.915409420114088,0.008874980267137289,7.381332980003208,1.1702920019160956,0.007833004929125309,0.4860912499134429,0.02950002090074122,0.45978805802221334,0.46076687996702415,0.5009770130545794,2.077452031584671,11.656283088582132,2.570409420114088
2026-06-30,736.7000122070312,749.0,0.052054794520547946,0.0525,0.1365137619018555,4.725,1.0166960602540511,ATM,4.982697235510415,4.986293977256095,4.9294934580750605,4.222158616266881,16.314960861891596,11.163977664629897,0.008333998266607523,18.084874987835065,1.1978340044151992,0.010666990419849753,0.4860912499134429,0.043167005060240626,0.257697235510415,0.26129397725609493,0.2044934580750608,0.5028413837331183,11.589960861891596,6.438977664629897
2026-06-18,736.7000122070312,730.0,0.019178082191780823,0.0525,0.17746794219970702,11.75,0.9909053724772461,ATM,11.507257197130457,11.514177646947743,11.54549170988107,9.588593881581232,22.832945020644544,13.923323982373574,0.009917013812810183,7.417166023515165,1.1497499945107847,0.008040980901569128,0.4860912499134429,0.028290989575907588,0.24274280286954308,0.23582235305225652,0.20450829011893035,2.1614061184187676,11.082945020644544,2.1733239823735744
2026-06-30,736.7000122070312,733.0,0.052054794520547946,0.0525,0.158486198425293,13.025,0.9949775863367416,ATM,13.679116061708498,13.667724992209505,13.751769538164615,11.440128291303097,23.52649060894735,19.027672823855426,0.008333998266607523,17.98491697991267,1.2419999984558672,0.010499992640689015,0.4860912499134429,0.0356250093318522,0.654116061708498,0.6427249922095051,0.7267695381646142,1.5848717086969035,10.501490608947348,6.002672823855425
2026-06-22,736.7000122070312,745.0,0.030136986301369864,0.0525,0.13721565917968753,4.165,1.0112664417747237,ATM,4.03959406179365,4.044828780311649,4.015107998765972,3.4186194872152953,15.977998605837055,8.823148438225132,0.00858298153616488,11.544834007509053,1.2232080043759197,0.009790994226932526,0.4860912499134429,0.03429199568927288,0.1254059382063497,0.1201712196883511,0.14989200123402835,0.7463805127847047,11.812998605837056,4.658148438225132
2026-06-18,736.7000122070312,750.0,0.019178082191780823,0.0525,0.14984981018066407,2.215,1.0180534648738828,ATM,1.80895442070792,1.8056387192101653,1.8137402878855047,1.0960484223443814,14.163655904379265,4.574903194796292,0.00929099041968584,7.59512500371784,1.6243340214714408,0.01129199517890811,0.4860912499134429,0.04333298420533538,0.40604557929207985,0.4093612807898346,0.4012597121144952,1.1189515776556185,11.948655904379265,2.359903194796292
2026-06-30,736.7000122070312,725.0,0.052054794520547946,0.0525,0.16837379486083986,18.32,0.9841183493780868,ATM,19.329268404030643,19.321413307407354,19.191080751736845,16.818466747702814,27.910997571656626,23.891783286212103,0.009042007150128484,17.98037500702776,1.3882910134270787,0.010332994861528277,0.4860912499134429,0.03808399196714163,1.0092684040306423,1.0014133074073541,0.8710807517368444,1.501533252297186,9.590997571656626,5.571783286212103
2026-06-18,736.7000122070312,719.0,0.019178082191780823,0.0525,0.16584086120605473,19.270000000000003,0.9759739216590958,ATM,19.563690548658087,19.566653402950696,19.63968927517841,18.81059089600933,27.12022833009527,21.702312478688327,0.009374984074383974,7.365166995441541,1.1674999841488898,0.00795800588093698,0.4860912499134429,0.028790993383154273,0.2936905486580841,0.2966534029506924,0.36968927517840555,0.4594091039906729,7.850228330095266,2.432312478688324
2026-06-30,736.7000122070312,734.0,0.052054794520547946,0.0525,0.15372550384521483,12.16,0.9963349909565734,ATM,12.797025661297255,12.803871315798183,12.772634110535803,10.848305442164701,22.74139639175104,18.462275152263373,0.010166986612603068,17.94349998817779,1.2651660072151572,0.011249998351559043,0.4860912499134429,0.042333995224907994,0.6370256612972547,0.643871315798183,0.6126341105358026,1.311694557835299,10.581396391751039,6.302275152263373
2026-06-30,736.7000122070312,747.0,0.052054794520547946,0.0525,0.1383753155517578,5.475,1.0139812510143873,ATM,5.775760122473628,5.772182854725605,5.728430672108764,4.869086712663403,17.084171685298642,12.007926881722028,0.009875016985461116,17.53587502753362,1.460458996007219,0.012542004697024822,0.4860912499134429,0.05345800309441984,0.30076012247362804,0.29718285472560524,0.253430672108764,0.6059132873365964,11.609171685298643,6.5329268817220285
2026-06-26,736.7000122070312,738.0,0.0410958904109589,0.0525,0.14908687835693357,8.77,1.0017646094359007,ATM,9.026571846587501,9.036856033134717,9.059215679644034,7.52997106739889,19.740754044286003,14.312020243684117,0.01220798003487289,14.083624992053956,1.2343749986030161,0.007875001756474376,0.4860912499134429,0.029916991479694843,0.25657184658750154,0.26685603313471695,0.28921567964403394,1.2400289326011098,10.970754044286004,5.542020243684117
2026-06-22,736.7000122070312,735.0,0.030136986301369864,0.0525,0.14643187561035154,8.920000000000002,0.9976923955764052,ATM,8.974640520718026,8.982380913796925,9.013136836842376,7.846040160843188,19.686912448220973,13.655129583667417,0.008500006515532732,11.442916991654783,1.2710839801002294,0.009540992323309183,0.4860912499134429,0.03616602043621242,0.05464052071802428,0.062380913796923565,0.0931368368423744,1.0739598391568137,10.766912448220971,4.735129583667415
2026-06-30,736.7000122070312,732.0,0.052054794520547946,0.0525,0.1590355093383789,13.615,0.9936201817169097,ATM,14.298390129495715,14.304480716140795,14.289013044995148,12.050498941302635,24.03615381538664,19.602710039319675,0.00916598946787417,18.019375012954697,1.2504170008469373,0.010541989468038082,0.4860912499134429,0.03954200656153262,0.6833901294957148,0.6894807161407943,0.6740130449951476,1.564501058697365,10.42115381538664,5.9877100393196745
2026-06-26,736.7000122070312,727.0,0.0410958904109589,0.0525,0.16275861663818358,15.62,0.9868331586177504,ATM,16.286938796539744,16.28744201590411,16.207430683365608,14.298781148426997,25.515494436336592,20.65028792659831,0.009167008101940155,14.247292012441903,1.2272499734535813,0.011541997082531452,0.4860912499134429,0.04629199975170195,0.6669387965397444,0.6674420159041095,0.5874306833656089,1.3212188515730023,9.895494436336593,5.0302879265983105
2026-06-22,736.7000122070312,755.0,0.030136986301369864,0.0525,0.1274501318359375,1.41,1.0248404879730422,ATM,1.2783447148778038,1.2765881931413052,1.2720437323702343,1.1747088602839568,12.336779320572678,5.286835523684601,0.008957984391599894,11.039000004529953,1.1759590124711394,0.008125003660097718,0.4860912499134429,0.02845900598913431,0.13165528512219615,0.1334118068586947,0.13795626762976565,0.2352911397160431,10.926779320572678,3.8768355236846013
2026-06-18,736.7000122070312,731.0,0.019178082191780823,0.0525,0.16938086486816406,10.89,0.9922627770970779,ATM,10.55613570167202,10.56221346994127,10.54440680224956,8.883124633960335,21.77732374441737,13.303326109806449,0.010332994861528277,7.44054198730737,1.1294590076431632,0.007374997949227691,0.4860912499134429,0.026249996153637767,0.33386429832798115,0.3277865300587308,0.34559319775044095,2.006875366039665,10.887323744417369,2.413326109806448
2026-06-18,736.7000122070312,734.0,0.019178082191780823,0.0525,0.16510844665527347,8.965,0.9963349909565734,ATM,8.56339754467814,8.56279152966103,8.567117988528164,6.938470869436401,20.182229136859675,11.53721476570837,0.007624999852851033,7.330916996579617,1.1410829902160913,0.0075410061981529,0.4860912499134429,0.025291985366493464,0.4016024553218607,0.40220847033896945,0.397882011471836,2.026529130563599,11.217229136859675,2.5722147657083703
2026-06-26,736.7000122070312,744.0,0.0410958904109589,0.0525,0.1442346319580078,5.955,1.0099090371548918,ATM,6.07573035986519,6.084366829331511,6.052612504577275,4.91107905168451,17.47793863432438,11.416774139315237,0.007791997632011771,13.861499988706782,1.165207999292761,0.008125003660097718,0.4860912499134429,0.02841599052771926,0.1207303598651901,0.1293668293315111,0.09761250457727488,1.04392094831549,11.522938634324381,5.461774139315237
2026-06-30,736.7000122070312,745.0,0.052054794520547946,0.0525,0.14206790557861326,6.415,1.0112664417747237,ATM,6.757847068930516,6.768331238116611,6.717212778852561,5.585266564294329,17.942842742684295,12.891597034083475,0.00895900302566588,17.469041980803013,1.1799999920185655,0.007708003977313638,0.4860912499134429,0.02587502240203321,0.3428470689305163,0.3533312381166107,0.30221277885256104,0.8297334357056707,11.527842742684296,6.476597034083475
2026-06-18,736.7000122070312,743.0,0.019178082191780823,0.0525,0.15894395751953128,4.59,1.00855163253506,ATM,4.091411785806997,4.095273036743792,4.130920001858906,2.7648337976068262,16.79611194498895,7.1129012962478555,0.00795899541117251,7.370124978478998,1.133624988142401,0.007541995728388429,0.4860912499134429,0.0255830236710608,0.4985882141930027,0.49472696325620813,0.45907999814109424,1.8251662023931736,12.206111944988951,2.5229012962478556
2026-06-26,736.7000122070312,740.0,0.0410958904109589,0.0525,0.15030756927490235,7.9399999999999995,1.0044794186755646,ATM,8.13854949269421,8.130359272837268,8.100724179805324,6.5724457161730925,19.10056527745066,13.302118413751145,0.00829098280519247,13.822292006807402,1.1421669914852828,0.007458002073690295,0.4860912499134429,0.025250017642974854,0.19854949269421063,0.19035927283726828,0.1607241798053245,1.367554283826907,11.16056527745066,5.362118413751146
2026-06-18,736.7000122070312,741.0,0.019178082191780823,0.0525,0.15424429748535157,5.140000000000001,1.0058368232953963,ATM,4.674809991668042,4.671090210175694,4.636912166764414,3.477631866084266,17.19272606656057,7.9815601957969875,0.009584007784724236,7.3593329871073365,1.1262919870205224,0.0072499969974160194,0.4860912499134429,0.02516701351851225,0.4651900083319589,0.4689097898243064,0.5030878332355861,1.6623681339157343,12.05272606656057,2.841560195796987
2026-06-18,736.7000122070312,755.0,0.019178082191780823,0.0525,0.14539428833007811,1.205,1.0248404879730422,ATM,0.8976477975944448,0.8990770875103722,0.8934842784365652,0.5002903370299734,12.436215197040074,3.218555533855721,0.008000002708286047,7.3825000145006925,1.1446249845903367,0.007374997949227691,0.4860912499134429,0.025374989490956068,0.3073522024055553,0.3059229124896279,0.3115157215634349,0.7047096629700267,11.231215197040074,2.0135555338557207
2026-06-26,736.7000122070312,729.0,0.0410958904109589,0.0525,0.15860826751708984,14.149999999999999,0.9895479678574142,ATM,14.744638161520754,14.751971596590018,14.662558586237024,12.887046466863637,24.258712779273772,19.40150641180213,0.009625015081837773,13.757459004409611,1.1378750205039978,0.007125025149434805,0.4860912499134429,0.025582994567230344,0.5946381615207557,0.601971596590019,0.5125585862370254,1.2629535331363613,10.108712779273773,5.251506411802133
2026-06-26,736.7000122070312,755.0,0.0410958904109589,0.0525,0.1360560028076172,2.44,1.0248404879730422,ATM,2.4206446676803637,2.422910559871612,2.446117775134584,1.9127089029069566,13.609604206527582,7.1611394469405525,0.007875001756474376,13.78516698605381,1.154583995230496,0.0075410061981529,0.4860912499134429,0.02491599298082292,0.019355332319636265,0.017089440128387867,0.006117775134584225,0.5272910970930433,11.169604206527582,4.721139446940553
2026-06-18,736.7000122070312,749.0,0.019178082191780823,0.0525,0.14991084472656252,2.4450000000000003,1.0166960602540511,ATM,2.024874577292735,2.028488540550313,2.0174115908333197,1.2661378601938793,14.48595987636123,4.891065290336627,0.008083006832748652,7.382999989204109,1.1323329817969352,0.007208000170066953,0.4860912499134429,0.025625020498409867,0.4201254227072653,0.4165114594496875,0.4275884091666806,1.178862139806121,12.04095987636123,2.4460652903366267
2026-06-26,736.7000122070312,736.0,0.0410958904109589,0.0525,0.1519860192871094,9.93,0.9990498001962371,ATM,10.2299768715759,10.234005901181234,10.206597904979287,8.573187518225723,20.673787065937503,15.366370689653252,0.0076669966802001,14.41595799406059,1.1909999884665012,0.010167015716433525,0.4860912499134429,0.041749997762963176,0.29997687157590036,0.3040059011812346,0.2765979049792868,1.356812481774277,10.743787065937504,5.436370689653252
2026-06-26,736.7000122070312,746.0,0.0410958904109589,0.0525,0.1463708410644531,5.385,1.0126238463945556,ATM,5.451525195381066,5.4412089910090975,5.471623904243955,4.202990010196459,16.971224473353647,10.541347006807086,0.009499985026195645,14.5292499801144,1.189708011224866,0.009500014130026102,0.4860912499134429,0.034374999813735485,0.06652519538106638,0.05620899100909771,0.08662390424395561,1.1820099898035412,11.586224473353647,5.156347006807087
2026-06-18,736.7000122070312,728.0,0.019178082191780823,0.0525,0.18738605590820312,13.385,0.9881905632375824,ATM,13.209589217463417,13.212675495764797,13.193270776807061,11.078767902696654,24.432248033766662,15.208963029185782,0.008333008736371994,7.402167015243322,1.190917013445869,0.0076669966802001,0.4860912499134429,0.029583025025203824,0.1754107825365825,0.17232450423520262,0.1917292231929384,2.3062320973033454,11.047248033766662,1.8239630291857818
2026-06-18,736.7000122070312,752.0,0.019178082191780823,0.0525,0.147469462890625,1.74,1.0207682741135466,ATM,1.3722733929168953,1.3695270182036046,1.3688472006812886,0.8111595891604395,13.408049507223986,3.986776206238801,0.00825000461190939,7.833916984964162,1.2255419860593975,0.009499985026195645,0.4860912499134429,0.03612501313909888,0.3677266070831047,0.37047298179639543,0.37115279931871137,0.9288404108395605,11.668049507223985,2.246776206238801
2026-06-26,736.7000122070312,773.0,0.0410958904109589,0.0525,0.12488668090820312,0.295,1.0492737711300153,OTM,0.2625749344730828,0.2618739021771889,0.2749423023859146,0.2517954938132583,8.262724820435542,2.887552673558133,0.009584007784724236,14.410542004043236,1.209624984767288,0.009374984074383974,0.4860912499134429,0.03600001218728721,0.03242506552691721,0.03312609782281106,0.02005769761408538,0.04320450618674171,7.967724820435542,2.5925526735581332
2026-06-18,736.7000122070312,774.0,0.019178082191780823,0.0525,0.14258669921875,0.07500000000000001,1.0506311757498472,OTM,0.034797081138070673,0.03428916721478572,0.03512283766428838,0.009260074540728525,7.9177102124151855,0.6283705060349405,0.008709001122042537,7.4762500007636845,1.2277500063646585,0.00925001222640276,0.4860912499134429,0.038708007195964456,0.04020291886192934,0.04071083278521429,0.03987716233571163,0.06573992545927149,7.842710212415185,0.5533705060349405
2026-06-30,736.7000122070312,771.0,0.052054794520547946,0.0525,0.12122460815429686,0.535,1.0465589618903517,OTM,0.5481304533989189,0.5477155808503185,0.546715827298641,0.6062710109321117,8.872305165080396,4.48505138627263,0.008833012543618679,18.302250013221055,1.8580839969217777,0.015375000657513738,0.4860912499134429,0.05708402022719383,0.013130453398918829,0.012715580850318431,0.011715827298640957,0.07127101093211163,8.337305165080396,3.95005138627263
2026-06-26,736.7000122070312,778.0,0.0410958904109589,0.0525,0.125985302734375,0.16,1.0560607942291746,OTM,0.14279790586947883,0.1404767736348309,0.14173734708285307,0.12817992970975922,7.265521517860251,2.1604827373899695,0.011583993909880519,14.104458008660004,1.3485419913195074,0.014124991139397025,0.4860912499134429,0.07666699821129441,0.01720209413052118,0.019523226365169094,0.018262652917146932,0.03182007029024078,7.105521517860251,2.0004827373899694
2026-06-26,736.7000122070312,776.0,0.0410958904109589,0.0525,0.12085840087890626,0.165,1.0533459849895108,OTM,0.1436786263435632,0.1406065188548622,0.1358857556279679,0.16892336911162786,7.316452709910154,2.431354167337247,0.011790980352088809,14.256458991440013,1.2772920017596334,0.009500014130026102,0.4860912499134429,0.04054198507219553,0.0213213736564368,0.024393481145137813,0.02911424437203211,0.003923369111627856,7.151452709910154,2.266354167337247
2026-06-18,736.7000122070312,787.0,0.019178082191780823,0.0525,0.16797707031250003,0.03,1.0682774358076612,OTM,0.013652339678381198,0.013080784122321209,0.01443930251067203,0.00023268930598916576,6.245008197610987,0.15087599775852922,0.009083974873647094,8.004458009963855,1.1907090083695948,0.009333016350865364,0.4860912499134429,0.032499985536560416,0.0163476603216188,0.016919215877678792,0.015560697489327969,0.029767310694010833,6.215008197610986,0.12087599775852922
2026-06-26,736.7000122070312,764.0,0.0410958904109589,0.0525,0.1274501318359375,0.875,1.0370571295515287,OTM,0.8359589491868462,0.8302919651765442,0.8377073346861676,0.7501028806396732,10.460923816329231,4.66516242857918,0.008957984391599894,14.378749998286366,1.2445829925127327,0.00925001222640276,0.4860912499134429,0.03662498784251511,0.03904105081315379,0.044708034823455756,0.03729266531383235,0.12489711936032677,9.585923816329231,3.7901624285791797
2026-06-30,736.7000122070312,794.0,0.052054794520547946,0.0525,0.1289149609375,0.055,1.077779268146484,OTM,0.05190912464101949,0.050109814009491375,0.05133093946179155,0.03681761281634799,4.9665772271568125,1.367957037037904,0.008874980267137289,18.12374999281019,1.2307089928071946,0.010083022061735392,0.4860912499134429,0.03895797999575734,0.003090875358980512,0.004890185990508625,0.003669060538208452,0.01818238718365201,4.911577227156813,1.312957037037904
2026-06-26,736.7000122070312,768.0,0.0410958904109589,0.0525,0.12574116455078127,0.535,1.0424867480308562,OTM,0.503008958714851,0.5030293819188862,0.5140177610581558,0.4708547288652838,9.432785395639002,3.7941850583790995,0.009042007150128484,14.371375000337139,1.1869589798152447,0.009624985978007317,0.4860912499134429,0.03774999640882015,0.03199104128514907,0.03197061808111379,0.020982238941844256,0.06414527113471624,8.897785395639001,3.2591850583790993
2026-06-26,736.7000122070312,782.0,0.0410958904109589,0.0525,0.12574116455078127,0.095,1.0614904127085019,OTM,0.08033437485921802,0.07959998716339216,0.07723414788074102,0.07206598369010209,6.4178316589674065,1.6914050271361845,0.011208001524209976,14.369750017067418,1.1855830089189112,0.009042007150128484,0.4860912499134429,0.035999983083456755,0.014665625140781985,0.015400012836607843,0.017765852119258976,0.022934016309897914,6.322831658967407,1.5964050271361845
2026-06-30,736.7000122070312,763.0,0.052054794520547946,0.0525,0.1251918536376953,1.3250000000000002,1.0356997249316968,OTM,1.375835104150255,1.3768185309288286,1.3726438354350459,1.3318309162391415,11.095057291769189,6.411818609563227,0.009083014447242022,18.03941701655276,1.2221659999340773,0.01025001984089613,0.4860912499134429,0.03908301005139947,0.05083510415025483,0.05181853092882838,0.04764383543504569,0.006830916239141338,9.770057291769188,5.086818609563227
2026-06-18,736.7000122070312,768.0,0.019178082191780823,0.0525,0.1381922119140625,0.165,1.0424867480308562,OTM,0.08765620863691481,0.0870250706116061,0.0873035078968738,0.038964977561425584,9.00192792060996,1.1133868985359356,0.008584000170230865,7.745832990622148,1.3125830155331641,0.010083022061735392,0.4860912499134429,0.03645799006335437,0.0773437913630852,0.07797492938839391,0.07769649210312621,0.12603502243857442,8.836927920609961,0.9483868985359356
2026-06-18,736.7000122070312,792.0,0.019178082191780823,0.0525,0.176766044921875,0.025,1.0750644589068203,OTM,0.009585753248561701,0.009160888518520916,0.011349217812031971,4.585260497114163e-05,5.663766528875057,0.08382027412303916,0.008917006198316813,7.426124997437,1.3879170001018792,0.00941698090173304,0.4860912499134429,0.03945900243707001,0.0154142467514383,0.015839111481479085,0.01365078218796803,0.02495414739502886,5.638766528875057,0.05882027412303916
2026-06-18,736.7000122070312,765.0,0.019178082191780823,0.0525,0.14112187011718752,0.29000000000000004,1.0384145341713606,OTM,0.17191689786118047,0.17138499426816262,0.16566068573675666,0.07513031775617307,9.714673041978166,1.4526232538806596,0.00929197994992137,8.067916001891717,1.2572910054586828,0.009916984708979726,0.4860912499134429,0.03629102138802409,0.11808310213881956,0.11861500573183742,0.12433931426324338,0.21486968224382696,9.424673041978167,1.1626232538806596
2026-06-18,736.7000122070312,775.0,0.019178082191780823,0.0525,0.145516357421875,0.07500000000000001,1.051988580369679,OTM,0.033966382698942255,0.03333278544499458,0.031324795355471155,0.007171280868953245,7.819256180150841,0.5681804909832451,0.009415991371497512,7.394167012535036,1.2414999946486205,0.00837500556372106,0.4860912499134429,0.033791991882026196,0.041033617301057757,0.04166721455500543,0.043675204644528856,0.06782871913104677,7.744256180150841,0.49318049098324507
2026-06-26,736.7000122070312,756.0,0.0410958904109589,0.0525,0.1333094482421875,2.13,1.026197892592874,OTM,2.1095719072884265,2.110269118997603,2.084087266418547,1.7367434280560587,13.141435773567718,6.84457244295055,0.008542003342881799,14.296207984443754,1.3070839922875166,0.010957999620586634,0.4860912499134429,0.04341700696386397,0.02042809271157342,0.01973088100239684,0.04591273358145287,0.39325657194394115,11.011435773567719,4.7145724429505504
2026-06-30,736.7000122070312,757.0,0.052054794520547946,0.0525,0.12751116638183596,2.31,1.0275552972127058,OTM,2.427167314417943,2.431483307606629,2.4279406301905193,2.2594542144545358,13.001292004127098,8.21141818319009,0.008500006515532732,18.033375003142282,1.2492919922806323,0.010082992957904935,0.4860912499134429,0.03845899482257664,0.11716731441794304,0.12148330760662907,0.11794063019051926,0.050545785545464295,10.691292004127098,5.90141818319009
2026-06-26,736.7000122070312,769.0,0.0410958904109589,0.0525,0.12500875,0.47,1.0438441526506879,OTM,0.43442473360940426,0.4296289180971144,0.4348438346968254,0.41708042889590047,9.156233782732524,3.5973098656065474,0.009457988198846579,14.333875005831942,1.3041250058449805,0.01595797948539257,0.4860912499134429,0.04395900759845972,0.03557526639059572,0.040371081902885575,0.03515616530317456,0.052919571104099505,8.686233782732524,3.1273098656065477
2026-06-22,736.7000122070312,805.0,0.030136986301369864,0.0525,0.1757894921875,0.025,1.0927107189646343,OTM,0.01490986833546315,0.014532349260365514,0.012822309581155687,9.585674725531151e-05,4.491946011110849,0.12446661455406449,0.009958981536328793,11.429624981246889,1.2113339907955378,0.008875009370967746,0.4860912499134429,0.0347500026691705,0.010090131664536851,0.010467650739634488,0.012177690418844315,0.02490414325274469,4.466946011110848,0.0994666145540645
2026-06-30,736.7000122070312,785.0,0.052054794520547946,0.0525,0.11939357177734375,0.095,1.0655626265679974,OTM,0.09254608017357135,0.09169631575289357,0.09163165630619119,0.12129667702978963,5.77098646267139,2.2114465314525944,0.00858298153616488,18.008167011430487,1.3123749813530594,0.011833995813503861,0.4860912499134429,0.04587500006891787,0.0024539198264286466,0.0033036842471064337,0.003368343693808812,0.026296677029789634,5.67598646267139,2.116446531452594
2026-06-18,736.7000122070312,785.0,0.019178082191780823,0.0525,0.16211775390625,0.035,1.0655626265679974,OTM,0.013712167932021124,0.01305803705230205,0.013061858188520653,0.0004314898899831776,6.398308064622106,0.19007368557287663,0.00925001222640276,8.140375022776425,1.2241670046932995,0.009542010957375169,0.4860912499134429,0.039125006878748536,0.02128783206797888,0.021941962947697954,0.02193814181147935,0.034568510110016826,6.363308064622106,0.15507368557287662
2026-06-30,736.7000122070312,780.0,0.052054794520547946,0.0525,0.12183495361328125,0.2,1.0587756034688383,OTM,0.20068396587416615,0.1998248134151898,0.2013889935923752,0.2229887312258647,6.96299143145603,2.882455431298524,0.009042007150128484,17.837999999755993,1.1971670028287917,0.00937501317821443,0.4860912499134429,0.03562498022802174,0.000683965874166137,0.00017518658481022187,0.0013889935923751817,0.0229887312258647,6.7629914314560295,2.682455431298524
2026-06-18,736.7000122070312,782.0,0.019178082191780823,0.0525,0.15430533203125002,0.035,1.0614904127085019,OTM,0.014794321704371782,0.014410572895909529,0.01526366529843953,0.001052540436564664,6.71948879981006,0.2685663604026338,0.009249983122572303,7.431875012116507,1.5210830024443567,0.013167009456083179,0.4860912499134429,0.040624989196658134,0.02020567829562822,0.020589427104090473,0.019736334701560474,0.03394745956343534,6.68448879981006,0.23356636040263382
2026-06-30,736.7000122070312,781.0,0.052054794520547946,0.0525,0.12207909179687501,0.185,1.0601330080886702,OTM,0.17989643230886898,0.17791384191456922,0.18527955813384248,0.1980256078708642,6.775338873238579,2.7367704795038605,0.00966701190918684,17.95904099708423,1.2228330015204847,0.009916024282574654,0.4860912499134429,0.03679099609144032,0.005103567691131017,0.007086158085430783,0.00027955813384247796,0.013025607870864209,6.590338873238579,2.5517704795038605
2026-06-30,736.7000122070312,784.0,0.052054794520547946,0.0525,0.12012598632812499,0.11499999999999999,1.0642052219481657,OTM,0.11041602480543311,0.10795698602603705,0.10503931738084965,0.13742375392828343,6.027559126832493,2.334480844009491,0.009125011274591088,18.150332994991913,1.2449170171748847,0.010041985660791397,0.4860912499134429,0.03837500116787851,0.0045839751945668805,0.007043013973962939,0.00996068261915034,0.02242375392828344,5.912559126832493,2.2194808440094906
2026-06-30,736.7000122070312,798.0,0.052054794520547946,0.0525,0.133797724609375,0.045,1.0832088866258114,OTM,0.04282399670665793,0.042136902758966546,0.04085708711006707,0.02082938911050558,4.762510833380293,1.0939573305436099,0.009041978046298027,18.07404198916629,1.2161670019850135,0.010167015716433525,0.4860912499134429,0.037165998946875334,0.0021760032933420687,0.002863097241033452,0.0041429128899329315,0.024170610889494418,4.717510833380293,1.04895733054361
2026-06-30,736.7000122070312,761.0,0.052054794520547946,0.0525,0.1263515100097656,1.625,1.0329849156920332,OTM,1.692429884221312,1.6849556765460119,1.7102696236341266,1.5976641018331037,11.746625966639549,6.976289568489506,0.008583010639995337,17.756041983375326,1.1979579867329448,0.00929197994992137,0.4860912499134429,0.03629201091825962,0.06742988422131191,0.05995567654601186,0.0852696236341266,0.0273358981668963,10.121625966639549,5.351289568489506
2026-06-30,736.7000122070312,796.0,0.052054794520547946,0.0525,0.129891513671875,0.045,1.0804940773861478,OTM,0.04265482184227665,0.04196489143171021,0.0429369847110133,0.027777345827138422,4.776441516449085,1.2243737037096096,0.00866700429469347,18.046333017991856,1.3742079900112003,0.012333999620750546,0.4860912499134429,0.07687500328756869,0.0023451781577233516,0.003035108568289785,0.002063015288986697,0.017222654172861576,4.7314415164490855,1.1793737037096097
2026-06-18,736.7000122070312,805.0,0.019178082191780823,0.0525,0.21192194335937498,0.025,1.0927107189646343,OTM,0.009040354650548199,0.0087404461679425,0.009790508463619594,3.9471289523131505e-07,4.9626204301471075,0.01555208069319547,0.02370800939388573,7.552290975581855,1.177375001134351,0.008125003660097718,0.4860912499134429,0.03012499655596912,0.015959645349451802,0.016259553832057502,0.015209491536380407,0.02499960528710477,4.937620430147107,0.009447919306804532
2026-06-18,736.7000122070312,786.0,0.019178082191780823,0.0525,0.165047412109375,0.035,1.0669200311878293,OTM,0.013677989186099415,0.013067604274431568,0.013103593855674158,0.0003175951275075223,6.316165994994153,0.16902244457843274,0.008584000170230865,7.397499983198941,1.1466249998193234,0.007583992555737495,0.4860912499134429,0.0270830059889704,0.021322010813900588,0.021932395725568436,0.021896406144325843,0.03468240487249248,6.2811659949941525,0.13402244457843274
2026-06-18,736.7000122070312,778.0,0.019178082191780823,0.0525,0.149422568359375,0.055,1.0560607942291746,OTM,0.023858704233934436,0.02344939502559117,0.02377804381013849,0.003239637108152338,7.363241801616859,0.416102661265505,0.008041999535635114,7.881708006607369,1.1964589939452708,0.00999998883344233,0.4860912499134429,0.03875000402331352,0.031141295766065565,0.03155060497440883,0.03122195618986151,0.05176036289184766,7.308241801616859,0.361102661265505
2026-06-18,736.7000122070312,771.0,0.019178082191780823,0.0525,0.13721565917968753,0.09,1.0465589618903517,OTM,0.04632586661671123,0.04519826759616595,0.04882210148630906,0.01939277238120196,8.343683934659639,0.842142182291127,0.00966701190918684,7.944374985527247,1.2563329946715385,0.01087499549612403,0.4860912499134429,0.03783300053328276,0.043674133383288766,0.044801732403834046,0.041177898513690935,0.07060722761879804,8.25368393465964,0.7521421822911271
2026-06-26,736.7000122070312,765.0,0.0410958904109589,0.0525,0.12574116455078127,0.745,1.0384145341713606,OTM,0.7099634930535004,0.7105147867059189,0.7084738660250538,0.6696105550466456,10.07495014588836,4.434525265248283,0.00925001222640276,13.822207984048873,1.122041983762756,0.0075410061981529,0.4860912499134429,0.029333983547985554,0.035036506946499624,0.03448521329408105,0.036526133974946196,0.07538944495335442,9.329950145888361,3.6895252652482826
2026-06-18,736.7000122070312,767.0,0.019178082191780823,0.0525,0.14063359375,0.21000000000000002,1.0411293434110243,OTM,0.11841444846853122,0.11783871878571796,0.12198679100257427,0.04871958496103446,9.277078780829616,1.2183722142817004,0.008167000487446785,7.7745000016875565,1.1951250198762864,0.00929197994992137,0.4860912499134429,0.03358299727551639,0.0915855515314688,0.09216128121428206,0.08801320899742575,0.16128041503896556,9.067078780829615,1.0083722142817004
2026-06-18,736.7000122070312,798.0,0.019178082191780823,0.0525,0.19336744140625,0.025,1.0832088866258114,OTM,0.009434181464785807,0.008993056603397376,0.009965022728263214,5.616011344877683e-06,5.274842934750777,0.03962005095587795,0.008624978363513947,7.988458004547283,1.216541015310213,0.01029198756441474,0.4860912499134429,0.03387502511031926,0.015565818535214195,0.016006943396602625,0.015034977271736787,0.024994383988655125,5.2498429347507765,0.014620050955877949
2026-06-30,736.7000122070312,799.0,0.052054794520547946,0.0525,0.13575083007812502,0.04,1.0845662912456433,OTM,0.042929108019656326,0.04223844827736661,0.04621854582350063,0.017996048219737215,4.7550644496614405,1.0333797036963688,0.008832983439788222,17.5984580127988,1.190542010590434,0.007916009053587914,0.4860912499134429,0.030499999411404133,0.002929108019656325,0.002238448277366606,0.006218545823500628,0.022003951780262786,4.7150644496614404,0.9933797036963687
2026-06-22,736.7000122070312,780.0,0.030136986301369864,0.0525,0.1294032373046875,0.055,1.0587756034688383,OTM,0.03717902639857673,0.03595383159340433,0.03566466228471983,0.02537586088469812,6.667919145563719,1.0314712389309477,0.008709001122042537,11.113083019154146,1.1750420089811087,0.007875001756474376,0.4860912499134429,0.028375012334436178,0.01782097360142327,0.01904616840659567,0.01933533771528017,0.02962413911530188,6.612919145563719,0.9764712389309477
2026-06-18,736.7000122070312,783.0,0.019178082191780823,0.0525,0.157234990234375,0.035,1.0628478173283338,OTM,0.014712756152842399,0.014291011030926159,0.013742577594917697,0.0007855154284976129,6.623535923440431,0.2397361262254627,0.008333008736371994,7.916209026006982,1.303124998230487,0.009749986929818988,0.4860912499134429,0.03979101893492043,0.020287243847157604,0.020708988969073847,0.021257422405082306,0.03421448457150239,6.588535923440431,0.2047361262254627
2026-06-18,736.7000122070312,760.0,0.019178082191780823,0.0525,0.13904669555664065,0.545,1.0316275110722013,OTM,0.36352407328173086,0.3635497038260787,0.3698875205994698,0.20496873122064585,10.830391438651713,2.1994141314896893,0.009957992006093264,7.568500004708767,1.5903339954093099,0.013167009456083179,0.4860912499134429,0.054415984777733684,0.18147592671826918,0.18145029617392133,0.17511247940053026,0.3400312687793542,10.285391438651713,1.6544141314896894
2026-06-18,736.7000122070312,788.0,0.019178082191780823,0.0525,0.17090672851562502,0.03,1.069634840427493,OTM,0.01363469348232682,0.013097501813641391,0.013836112225671063,0.00016969951301947644,6.169920388771061,0.13449936140354168,0.012374977814033628,7.9098749847617,1.2641669891308993,0.008500006515532732,0.4860912499134429,0.0314170029014349,0.016365306517673178,0.016902498186358608,0.016163887774328936,0.029830300486980522,6.139920388771061,0.10449936140354169
2026-06-30,736.7000122070312,860.0,0.052054794520547946,0.0525,0.22071091796874998,0.015,1.1673679730553856,Deep OTM,0.01429626787121796,0.013764459269666844,0.011756787163532872,1.491585131246078e-07,2.099135043415554,0.02121364458074937,0.009459006832912564,18.34550002240576,1.312874985160306,0.011417025234550238,0.4860912499134429,0.04916699253953993,0.0007037321287820392,0.0012355407303331553,0.003243212836467127,0.014999850841486875,2.0841350434155537,0.0062136445807493695
2026-06-30,736.7000122070312,875.0,0.052054794520547946,0.0525,0.242195078125,0.015,1.1877290423528635,Deep OTM,0.013468440955324068,0.012630759411548002,0.012454259825179234,3.8123180790727194e-09,1.91537034234203,0.007422967583407991,0.010791991371661425,18.40508298482746,1.4342080103233457,0.011041993275284767,0.4860912499134429,0.03891700180247426,0.0015315590446759314,0.002369240588451997,0.002545740174820765,0.01499999618768192,1.9003703423420302,0.007577032416592008
2026-06-18,736.7000122070312,835.0,0.019178082191780823,0.0525,0.27735097656249996,0.015,1.1334328575595896,Deep OTM,0.004894921283192244,0.004565114886496649,0.005958483228235564,3.945468963553865e-13,3.5658377135569026,0.00017722866424381423,0.00937501317821443,7.395709020784125,1.143125002272427,0.0077500008046627045,0.4860912499134429,0.027834001230075955,0.010105078716807755,0.01043488511350335,0.009041516771764437,0.014999999999605452,3.5508377135569025,0.014822771335756185
2026-06-26,736.7000122070312,825.0,0.0410958904109589,0.0525,0.1914143359375,0.025,1.1198588113612713,Deep OTM,0.018654047240675986,0.01815366316969351,0.02176891257158018,2.0045838201577376e-05,3.2341579198291583,0.08064661737802137,0.008542003342881799,14.306583005236462,1.1975419765803963,0.008957984391599894,0.4860912499134429,0.03441702574491501,0.006345952759324015,0.006846336830306492,0.003231087428419821,0.024979954161798424,3.2091579198291584,0.05564661737802137
2026-06-30,736.7000122070312,845.0,0.052054794520547946,0.0525,0.20508607421874997,0.02,1.147006903757908,Deep OTM,0.02190979641228319,0.02123778748951403,0.022797486455128732,4.327856464096517e-06,2.4946720344728237,0.058391798686437735,0.009167008101940155,17.984165984671563,1.2448750203475356,0.00895801349543035,0.4860912499134429,0.034958997275680304,0.0019097964122831886,0.0012377874895140306,0.0027974864551287316,0.019995672143535904,2.4746720344728237,0.03839179868643773
2026-06-30,736.7000122070312,825.0,0.052054794520547946,0.0525,0.17188328125000002,0.025,1.1198588113612713,Deep OTM,0.021937276337709255,0.021359501397008006,0.018979641546989844,0.00023701943079731252,3.1662697163350457,0.20988928766788995,0.008834002073854208,17.77179099735804,1.3120000076014549,0.009749986929818988,0.4860912499134429,0.03854098031297326,0.0030627236622907464,0.0036404986029919956,0.006020358453010157,0.02476298056920269,3.141269716335046,0.18488928766788995
2026-06-18,736.7000122070312,845.0,0.019178082191780823,0.0525,0.3007882421875,0.015,1.147006903757908,Deep OTM,0.0047041824107086905,0.004462703164651991,0.0039192960447339935,5.621651697978002e-14,3.394056693228231,3.551824345541122e-05,0.009125011274591088,7.789750001393259,1.252791000297293,0.010709016351029277,0.4860912499134429,0.04437501775100827,0.010295817589291309,0.010537296835348008,0.011080703955266006,0.014999999999943782,3.3790566932282307,0.014964481756544589
2026-06-30,736.7000122070312,830.0,0.052054794520547946,0.0525,0.180672255859375,0.025,1.1266458344604304,Deep OTM,0.022394426038736315,0.021819860193320266,0.022426499811190163,9.192432142399697e-05,2.944943326990833,0.15375462305729393,0.009459006832912564,17.977415991481394,1.2185829982627183,0.011415977496653795,0.4860912499134429,0.041292019886896014,0.0026055739612636866,0.0031801398066797354,0.0025735001888098387,0.024908075678576003,2.919943326990833,0.12875462305729393
2026-06-30,736.7000122070312,815.0,0.052054794520547946,0.0525,0.1601646484375,0.03,1.1062847651629528,Deep OTM,0.031027530304344353,0.030392809027598885,0.03260822427915096,0.0014120412797881676,3.840953445182531,0.3913545130017191,0.009042007150128484,17.896542005473748,1.2359999818727374,0.009791983757168055,0.4860912499134429,0.03591697895899415,0.001027530304344354,0.0003928090275988859,0.0026082242791509586,0.02858795872021183,3.8109534451825313,0.36135451300171906
2026-06-26,736.7000122070312,835.0,0.0410958904109589,0.0525,0.20996883789062498,0.025,1.1334328575595896,Deep OTM,0.018563941389246663,0.01790389069404938,0.01762445130974248,1.793883106593374e-06,2.8475348095062145,0.03728199081248462,0.008624978363513947,13.891167007386684,1.1902920086868107,0.008874980267137289,0.4860912499134429,0.030750001315027475,0.006436058610753338,0.007096109305950622,0.00737554869025752,0.024998206116893407,2.8225348095062146,0.01228199081248462
2026-06-26,736.7000122070312,845.0,0.0410958904109589,0.0525,0.21875781249999998,0.015,1.147006903757908,Deep OTM,0.011409076985218425,0.010863469783764996,0.012110172212668462,1.336386945908951e-07,2.4614223811189366,0.016717683611732204,0.010415998985990882,14.067166019231081,1.1848330032080412,0.008708011591807008,0.4860912499134429,0.03316599759273231,0.0035909230147815746,0.004136530216235003,0.002889827787331538,0.014999866361305408,2.4464223811189365,0.0017176836117322042
2026-06-18,736.7000122070312,855.0,0.019178082191780823,0.0525,0.3242255078124999,0.015,1.1605809499562265,Deep OTM,0.00462700209927519,0.004415675536044872,0.004586693826428066,0.0,3.3497200164920287,6.661531423652082e-06,0.009041017619892955,7.533291995059699,1.1618330026976764,0.008124974556267262,0.4860912499134429,0.029582995921373367,0.010372997900724809,0.010584324463955127,0.010413306173571934,0.015,3.3347200164920285,0.014993338468576348
2026-06-26,736.7000122070312,840.0,0.0410958904109589,0.0525,0.21875781249999998,0.02,1.140219880658749,Deep OTM,0.0182041084731126,0.017366934521164893,0.015954336150507772,5.008206125732128e-07,2.710834520495082,0.025056463695396713,0.010957999620586634,13.86662499862723,1.1505830043461174,0.007624999852851033,0.4860912499134429,0.026749999960884452,0.0017958915268873991,0.0026330654788351074,0.004045663849492228,0.019999499179387425,2.690834520495082,0.005056463695396713
2026-06-26,736.7000122070312,820.0,0.0410958904109589,0.0525,0.18262536132812499,0.025,1.113071788262112,Deep OTM,0.019415583977669515,0.018920506355610482,0.019484287512620355,6.246312750187236e-05,3.4907441963204473,0.11716631390040977,0.008457980584353209,14.389708987437189,1.2692910095211118,0.010040996130555868,0.4860912499134429,0.03649998689070344,0.0055844160223304865,0.006079493644389519,0.005515712487379646,0.02493753687249813,3.4657441963204474,0.09216631390040977
2026-06-26,736.7000122070312,855.0,0.0410958904109589,0.0525,0.23633576171874998,0.015,1.1605809499562265,Deep OTM,0.011576575198424144,0.010874182776943969,0.0135896650631927,8.329629603197784e-09,2.2566479266190616,0.007298648011117681,0.008917006198316813,13.831000018399209,1.1565409949980676,0.007499998901039362,0.4860912499134429,0.028041977202519774,0.0034234248015758556,0.004125817223056031,0.0014103349368072993,0.014999991670370397,2.2416479266190614,0.007701351988882318
2026-06-18,736.7000122070312,860.0,0.019178082191780823,0.0525,0.335944140625,0.015,1.1673679730553856,Deep OTM,0.0046214932349925575,0.004412186539207876,0.005023440321701571,0.0,3.4311674181730996,2.8235100259191726e-06,0.00808399636298418,7.618417002959177,1.1592500086408108,0.00966701190918684,0.4860912499134429,0.030333001632243395,0.010378506765007442,0.010587813460792125,0.009976559678298427,0.015,3.4161674181730994,0.01499717648997408
2026-06-30,736.7000122070312,855.0,0.052054794520547946,0.0525,0.21289849609375,0.015,1.1605809499562265,Deep OTM,0.014209548663233207,0.01371638335595816,0.009980260026789747,4.7413074485085473e-07,2.1727871905283425,0.02985454928808462,0.008500006515532732,17.509958997834474,1.1867499852087349,0.008041999535635114,0.4860912499134429,0.029791990527883172,0.0007904513367667926,0.0012836166440418403,0.0050197399732102525,0.014999525869255148,2.1577871905283423,0.01485454928808462
2026-06-18,736.7000122070312,815.0,0.019178082191780823,0.0525,0.22852333984375,0.015,1.1062847651629528,Deep OTM,0.005260687016196863,0.005060104760633374,0.005291179554699128,6.097516885327013e-09,4.314980888518657,0.00364842228637674,0.008457980584353209,7.435792009346187,1.1392919986974448,0.007416994776576757,0.4860912499134429,0.026374997105449438,0.009739312983803136,0.009939895239366624,0.009708820445300873,0.014999993902483114,4.2999808885186575,0.01135157771362326
2026-06-30,736.7000122070312,820.0,0.052054794520547946,0.0525,0.16407085937500002,0.025,1.113071788262112,Deep OTM,0.02295707856498197,0.022213300211908236,0.027656203750340554,0.000589267895253015,3.4423312853548484,0.2847559572169249,0.0076669966802001,17.372583010001108,1.1670829844661057,0.007458991603925824,0.4860912499134429,0.02587502240203321,0.0020429214350180316,0.0027866997880917656,0.002656203750340553,0.024410732104746986,3.4173312853548485,0.2597559572169249
2026-06-18,736.7000122070312,840.0,0.019178082191780823,0.0525,0.2890696093749999,0.015,1.140219880658749,Deep OTM,0.00478291678648729,0.0045068148097719505,0.005409706906390354,3.196256418880278e-14,3.4838734824362105,8.0054681633435e-05,0.008166010957211256,7.328667008550838,1.1342499929014593,0.007333990652114153,0.4860912499134429,0.026749999960884452,0.01021708321351271,0.010493185190228049,0.009590293093609646,0.014999999999968037,3.4688734824362104,0.014919945318366564
2026-06-26,736.7000122070312,815.0,0.0410958904109589,0.0525,0.17285983398437502,0.025,1.1062847651629528,Deep OTM,0.01923378689009958,0.018716849150166717,0.01946581638220315,0.0001855892218115343,3.7635326585917936,0.1726816181430273,0.008041999535635114,13.781332992948592,1.1414159962441772,0.007624999852851033,0.4860912499134429,0.025249988539144397,0.005766213109900421,0.006283150849833285,0.00553418361779685,0.024814410778188467,3.7385326585917937,0.1476816181430273
2026-06-18,736.7000122070312,820.0,0.019178082191780823,0.0525,0.24024197265624997,0.015,1.113071788262112,Deep OTM,0.004971685882163457,0.0047398034473276375,0.0054879300956570615,6.437099383321857e-10,4.091117775578277,0.0017123068175390332,0.008000002708286047,7.366832986008376,1.1442500108387321,0.007499998901039362,0.4860912499134429,0.02508299075998366,0.010028314117836543,0.010260196552672362,0.009512069904342939,0.014999999356290062,4.076117775578277,0.013287693182460966
2026-06-30,736.7000122070312,880.0,0.052054794520547946,0.0525,0.2500075,0.015,1.1945160654520226,Deep OTM,0.013736038732342637,0.012904168016457516,0.013154082073342352,1.0531683903367407e-09,1.9000428585532425,0.005191349270407708,0.008000002708286047,17.427083977963775,1.196249999338761,0.007624999852851033,0.4860912499134429,0.02541701542213559,0.0012639612676573625,0.002095831983542483,0.0018459179266576472,0.014999998946831608,1.8850428585532426,0.009808650729592291
2026-06-26,736.7000122070312,865.0,0.0410958904109589,0.0525,0.25196060546875,0.015,1.174154996154545,Deep OTM,0.010835913550048759,0.010332710632667885,0.010438777467504231,4.365878053485401e-10,2.111857961510959,0.0031142442600426423,0.009957992006093264,13.770249992376193,1.1370420106686652,0.0077500008046627045,0.4860912499134429,0.025249988539144397,0.00416408644995124,0.004667289367332114,0.004561222532495768,0.014999999563412194,2.096857961510959,0.011885755739957357
2026-06-18,736.7000122070312,825.0,0.019178082191780823,0.0525,0.25391371093750004,0.015,1.1198588113612713,Deep OTM,0.0052483127443160305,0.005004942960210535,0.005159894733602005,6.10523541240436e-11,3.954937828866168,0.0008203552421909566,0.008291011909022927,7.326833001570776,1.1360830103512853,0.007499998901039362,0.4860912499134429,0.02479099202901125,0.009751687255683969,0.009995057039789465,0.009840105266397996,0.014999999938947645,3.9399378288661677,0.014179644757809043
2026-06-30,736.7000122070312,840.0,0.052054794520547946,0.0525,0.19727365234375,0.02,1.140219880658749,Deep OTM,0.02235154635051173,0.021757859062629156,0.017593169936904615,1.241599425638772e-05,2.645907657477437,0.0810775674223203,0.007916998583823442,17.368750006426126,1.1889580055139959,0.007333001121878624,0.4860912499134429,0.025333021767437458,0.0023515463505117302,0.0017578590626291558,0.0024068300630953852,0.019987584005743613,2.625907657477437,0.0610775674223203
2026-06-30,736.7000122070312,870.0,0.052054794520547946,0.0525,0.23438265625,0.015,1.1809420192537041,Deep OTM,0.01323392653559019,0.012408381836271277,0.012464595458623292,1.336845401529008e-08,1.9329767936683129,0.010575428560333777,0.0075830030255019665,17.402166995452717,1.1927080049645156,0.007458002073690295,0.4860912499134429,0.025792018277570605,0.0017660734644098092,0.002591618163728722,0.002535404541376707,0.014999986631545984,1.917976793668313,0.004424571439666222
2026-06-18,736.7000122070312,830.0,0.019178082191780823,0.0525,0.26563234375,0.015,1.1266458344604304,Deep OTM,0.005047018841208173,0.0047351737948631125,0.004109380476466844,5.254886294869258e-12,3.7500907020874,0.0003850602575190751,0.007584021659567952,7.3379590176045895,1.13645798410289,0.007458002073690295,0.4860912499134429,0.02475001383572817,0.009952981158791827,0.010264826205136888,0.010890619523533155,0.014999999994745113,3.7350907020874,0.014614939742480924
2026-06-30,736.7000122070312,865.0,0.052054794520547946,0.0525,0.22657023437499998,0.015,1.174154996154545,Deep OTM,0.013034483281996412,0.01227438621265416,0.014443281412620305,4.539109226620795e-08,2.004479290380368,0.015008725719882543,0.007791997632011771,17.41599998786114,1.1599999852478504,0.007374997949227691,0.4860912499134429,0.025375018594786525,0.0019655167180035876,0.0027256137873458396,0.0005567185873796947,0.014999954608907733,1.9894792903803682,8.725719882543559e-06
2026-06-26,736.7000122070312,875.0,0.0410958904109589,0.0525,0.2695385546875,0.015,1.1877290423528635,Deep OTM,0.011319475353857023,0.010817643070618232,0.012420874117702416,1.938298097800131e-11,1.9860943015889643,0.0012998135540334688,0.0076669966802001,13.7283330259379,1.1268329981248826,0.007624999852851033,0.4860912499134429,0.025541987270116806,0.003680524646142977,0.004182356929381768,0.0025791258822975838,0.014999999980617018,1.9710943015889644,0.01370018644596653
2026-06-30,736.7000122070312,850.0,0.052054794520547946,0.0525,0.21289849609375,0.02,1.1537939268570674,Deep OTM,0.021590529762821165,0.02079243097068517,0.02327886327102541,1.4571677067064964e-06,2.3412088194994793,0.041836549004703016,0.010040996130555868,17.39566700416617,1.1742919741664082,0.007458002073690295,0.4860912499134429,0.024708017008379102,0.0015905297628211641,0.0007924309706851679,0.0032788632710254104,0.019998542832293294,2.3212088194994793,0.021836549004703016
2026-06-22,736.7000122070312,820.0,0.030136986301369864,0.0525,0.20899228515624996,0.02,1.113071788262112,Deep OTM,0.01478778220126764,0.014175377939437869,0.012930182861279354,1.4748741594904058e-06,3.7237363526335683,0.028210122204816113,0.008166010957211256,11.021792015526444,1.1468339944258332,0.00733401975594461,0.4860912499134429,0.024874985683709383,0.00521221779873236,0.0058246220605621315,0.007069817138720647,0.01999852512584051,3.7037363526335683,0.008210122204816112
2026-06-26,736.7000122070312,870.0,0.0410958904109589,0.0525,0.2617261328125,0.015,1.1809420192537041,Deep OTM,0.011580839580946689,0.01099843476115762,0.011263996389410266,9.387675884990972e-11,2.0582457990756664,0.0020171947749169916,0.0076669966802001,13.719708018470556,1.1427089921198785,0.0072499969974160194,0.4860912499134429,0.025542016373947263,0.0034191604190533104,0.00400156523884238,0.003736003610589733,0.01499999990612324,2.0432457990756663,0.012982805225083008
2026-06-26,736.7000122070312,850.0,0.0410958904109589,0.0525,0.22657023437499998,0.015,1.1537939268570674,Deep OTM,0.010894906322331921,0.0102252725083038,0.010676344195593357,3.4105201485055893e-08,2.31703859037927,0.011076717276599313,0.007749971700832248,13.760208006715402,1.5589160029776394,0.012542004697024822,0.4860912499134429,0.05108298500999808,0.0041050936776680785,0.004774727491696199,0.004323655804406643,0.014999965894798514,2.30203859037927,0.003923282723400687
2026-06-26,736.7000122070312,860.0,0.0410958904109589,0.0525,0.24414818359375,0.015,1.1673679730553856,Deep OTM,0.011169609312502549,0.010562363153647556,0.01093998953384717,1.948225970276937e-09,2.1851162292632216,0.004781484583774753,0.009583018254488707,14.535791997332126,1.4244999911170453,0.011124997399747372,0.4860912499134429,0.039332982851192355,0.003830390687497451,0.004437636846352443,0.004060010466152829,0.01499999805177403,2.1701162292632215,0.010218515416225246
2026-06-18,736.7000122070312,850.0,0.019178082191780823,0.0525,0.31250687499999996,0.015,1.1537939268570674,Deep OTM,0.004653537073629532,0.0044324254957380585,0.004135470343622033,-1.2483858010942675e-14,3.296048794108028,1.5491272892533513e-05,0.009874987881630659,7.4487089877948165,1.1582500010263175,0.007916009053587914,0.4860912499134429,0.027958012651652098,0.010346462926370467,0.010567574504261941,0.010864529656377967,0.015000000000012483,3.281048794108028,0.014984508727107465
2026-06-26,736.7000122070312,830.0,0.0410958904109589,0.0525,0.20117986328124998,0.02,1.1266458344604304,Deep OTM,0.01905337160116427,0.018514424431780703,0.01642978016988292,6.1375662121219195e-06,3.022549416915062,0.05505156481321505,0.007957976777106524,14.472292008576915,1.2103330227546394,0.01087499549612403,0.4860912499134429,0.04333298420533538,0.0009466283988357298,0.0014855755682192974,0.0035702198301170787,0.01999386243378788,3.002549416915062,0.035051564813215044
2026-06-30,736.7000122070312,835.0,0.052054794520547946,0.0525,0.188484677734375,0.02,1.1334328575595896,Deep OTM,0.021710638392249182,0.02114256557804851,0.021038509075200437,3.439006614726174e-05,2.780627572000303,0.1119683975731629,0.009292009053751826,18.32075000857003,1.2225839891470969,0.010791991371661425,0.4860912499134429,0.04387501394376159,0.0017106383922491815,0.00114256557804851,0.0010385090752004361,0.01996560993385274,2.760627572000303,0.0919683975731629
2026-06-30,736.7000122070312,885.0,0.052054794520547946,0.0525,0.25586681640625003,0.015,1.2013030885511817,Deep OTM,0.012799361633451412,0.01219659709920729,0.011142052909908898,2.8199285543007413e-10,1.8751667642468055,0.0035840971074220795,0.010040996130555868,18.100500019500032,1.3829579984303564,0.011290976544842124,0.4860912499134429,0.05116700776852667,0.002200638366548588,0.0028034029007927095,0.0038579470900911017,0.014999999718007143,1.8601667642468056,0.01141590289257792
2026-06-18,736.7000122070312,683.0,0.019178082191780823,0.0525,0.31250687499999996,52.965,0.9271073553451493,ITM,54.856986979062526,54.85640488033335,54.91059297562476,54.3873540621405,61.93889857976406,54.59220768539831,0.010417017620056868,7.79812500695698,1.1936250084545463,0.009458017302677035,0.4860912499134429,0.03429202479310334,1.8919869790625228,1.8914048803333472,1.9455929756247556,1.4223540621404993,8.973898579764054,1.6272076853983037
